relation,display_relation,x_index,x_id,x_type,x_name,x_source,y_index,y_id,y_type,y_name,y_source
disease_phenotype_positive,phenotype present,32140,10079_16781_16207,disease,Canavan disease,MONDO_grouped,26786,2344,effect/phenotype,Progressive neurologic deterioration,HPO
disease_phenotype_positive,phenotype present,32140,10079_16781_16207,disease,Canavan disease,MONDO_grouped,315,443,gene/protein,ASPA,NCBI
disease_phenotype_positive,phenotype present,32140,10079_16781_16207,disease,Canavan disease,MONDO_grouped,36660,2329,effect/phenotype,Drowsiness,HPO
disease_phenotype_positive,phenotype present,32140,10079_16781_16207,disease,Canavan disease,MONDO_grouped,81110,741,effect/phenotype,Apathy,HPO
disease_phenotype_positive,phenotype present,32140,10079_16781_16207,disease,Canavan disease,MONDO_grouped,25856,12447,effect/phenotype,Abnormal myelination,HPO
disease_phenotype_positive,phenotype present,32140,10079_16781_16207,disease,Canavan disease,MONDO_grouped,83166,6790,effect/phenotype,Cerebral cortex with spongiform changes,HPO
disease_phenotype_positive,phenotype present,43344,19046,disease,leukodystrophy,MONDO,32140,10079_16781_16207,disease,Canavan disease,MONDO_grouped
disease_disease,parent-child,63514,R-HSA-8863678,pathway,Neurodegenerative Diseases,REACTOME,32140,10079_16781_16207,disease,Canavan disease,MONDO_grouped
disease_phenotype_positive,phenotype present,32140,10079_16781_16207,disease,Canavan disease,MONDO_grouped,26740,3429,effect/phenotype,CNS hypomyelination,HPO
disease_phenotype_positive,phenotype present,32140,10079_16781_16207,disease,Canavan disease,MONDO_grouped,81875,3405,effect/phenotype,Diffuse axonal swelling,HPO
disease_phenotype_positive,phenotype present,32140,10079_16781_16207,disease,Canavan disease,MONDO_grouped,82266,4481,effect/phenotype,Progressive macrocephaly,HPO
disease_phenotype_positive,phenotype present,32140,10079_16781_16207,disease,Canavan disease,MONDO_grouped,80844,8936,effect/phenotype,Axial hypotonia,HPO
disease_phenotype_positive,phenotype present,32140,10079_16781_16207,disease,Canavan disease,MONDO_grouped,83259,7066,effect/phenotype,Proximal limb muscle stiffness,HPO
disease_phenotype_positive,phenotype present,32140,10079_16781_16207,disease,Canavan disease,MONDO_grouped,80745,2080,effect/phenotype,Intention tremor,HPO
disease_phenotype_positive,phenotype present,32140,10079_16781_16207,disease,Canavan disease,MONDO_grouped,83240,7010,effect/phenotype,Poor fine motor coordination,HPO
disease_phenotype_positive,phenotype present,32140,10079_16781_16207,disease,Canavan disease,MONDO_grouped,36536,1149,disease,microcephaly,MONDO
disease_phenotype_positive,phenotype present,32140,10079_16781_16207,disease,Canavan disease,MONDO_grouped,28045,1254,effect/phenotype,Lethargy,HPO
disease_phenotype_positive,phenotype present,32140,10079_16781_16207,disease,Canavan disease,MONDO_grouped,25166,1251,effect/phenotype,Ataxia,HPO
indication,indication,15274,DB00349,drug,Clobazam,DrugBank,32140,10079_16781_16207,disease,Canavan disease,MONDO_grouped
indication,indication,16539,DB00794,drug,Primidone,DrugBank,32140,10079_16781_16207,disease,Canavan disease,MONDO_grouped
disease_phenotype_positive,phenotype present,32140,10079_16781_16207,disease,Canavan disease,MONDO_grouped,63944,345,anatomy,myelin,UBERON
disease_disease,parent-child,129317,10079,disease,Canavan disease,MONDO,32140,10079_16781_16207,disease,Canavan disease,MONDO_grouped
disease_phenotype_positive,phenotype present,32140,10079_16781_16207,disease,Canavan disease,MONDO_grouped,92996,6000978,effect/phenotype,Nonrimmed muscle vacuoles,HPO
disease_phenotype_positive,phenotype present,32140,10079_16781_16207,disease,Canavan disease,MONDO_grouped,24724,969,effect/phenotype,Edema,HPO
disease_phenotype_positive,phenotype present,32140,10079_16781_16207,disease,Canavan disease,MONDO_grouped,25469,1257,effect/phenotype,Spasticity,HPO
disease_phenotype_positive,phenotype present,32140,10079_16781_16207,disease,Canavan disease,MONDO_grouped,25238,31705,effect/phenotype,Compensatory head posture,HPO
disease_phenotype_positive,phenotype present,32140,10079_16781_16207,disease,Canavan disease,MONDO_grouped,25593,4302,effect/phenotype,Functional motor deficit,HPO
disease_disease,parent-child,32907,9512,disease,lethal Larsen-like syndrome,MONDO,32140,10079_16781_16207,disease,Canavan disease,MONDO_grouped
disease_protein,associated with,32140,10079_16781_16207,disease,Canavan disease,MONDO_grouped,79432,643911,gene/protein,CRNDE,NCBI
drug_effect,side effect,15251,DB00273,drug,Topiramate,DrugBank,32140,10079_16781_16207,disease,Canavan disease,MONDO_grouped
cellcomp_protein,interacts with,129318,30141,cellular component,secretory granule,GO,11642,80331,gene/protein,DNAJC5,NCBI
bioprocess_protein,interacts with,1046,1509,gene/protein,CTSD,NCBI,49423,6914,biological_process,autophagy,GO
cellcomp_protein,interacts with,49255,51641,biological_process,cellular localization,GO,1046,1509,gene/protein,CTSD,NCBI
disease_protein,associated with,11508,79947,gene/protein,DHDDS,NCBI,40872,100038,disease,complex neurodevelopmental disorder,MONDO
disease_phenotype_positive,phenotype present,40872,100038,disease,complex neurodevelopmental disorder,MONDO,89713,34360,effect/phenotype,Action myoclonus,HPO
disease_protein,associated with,12668,116150,gene/protein,NUS1,NCBI,40872,100038,disease,complex neurodevelopmental disorder,MONDO
disease_phenotype_positive,phenotype present,40872,100038,disease,complex neurodevelopmental disorder,MONDO,25166,1251,effect/phenotype,Ataxia,HPO
disease_disease,parent-child,40872,100038,disease,complex neurodevelopmental disorder,MONDO,98162,19488,disease,myoclonic epilepsy in non-progressive encephalopathies,MONDO
phenotype_phenotype,parent-child,83331,7307,effect/phenotype,Rapid neurologic deterioration,HPO,83331,7307,effect/phenotype,Rapid neurologic deterioration,HPO
phenotype_phenotype,parent-child,24852,546,effect/phenotype,Retinal degeneration,HPO,26912,7814,effect/phenotype,Retinal pigment epithelial mottling,HPO
phenotype_phenotype,parent-child,24852,546,effect/phenotype,Retinal degeneration,HPO,83529,7843,effect/phenotype,Attenuation of retinal blood vessels,HPO
disease_disease,parent-child,63514,R-HSA-8863678,pathway,Neurodegenerative Diseases,REACTOME,32150,11842,disease,GRN-related frontotemporal lobar degeneration with Tdp43 inclusions,MONDO
disease_phenotype_positive,phenotype present,30631,8083_13866_12588_12391_11144_12188_12414_8767_8769_10830_14147_10378_9744_9745_16295_1011570_1011571_1011578_1011577_1011568_1011430_1010879_1010880_1010881_1010885_1010886_1010887_1010888_1010889_1010890_1010891_1010892_1010893_1010894_1010899_1010900_1010901_1010903_1011569_1011572_1011573_1011574_1011575_1011576_1012707,disease,neuronal ceroid lipofuscinosis,MONDO_grouped,83308,7240,effect/phenotype,Progressive gait ataxia,HPO
disease_phenotype_positive,phenotype present,30631,8083_13866_12588_12391_11144_12188_12414_8767_8769_10830_14147_10378_9744_9745_16295_1011570_1011571_1011578_1011577_1011568_1011430_1010879_1010880_1010881_1010885_1010886_1010887_1010888_1010889_1010890_1010891_1010892_1010893_1010894_1010899_1010900_1010901_1010903_1011569_1011572_1011573_1011574_1011575_1011576_1012707,disease,neuronal ceroid lipofuscinosis,MONDO_grouped,29935,8499,effect/phenotype,High hypermetropia,HPO
disease_phenotype_positive,phenotype present,30631,8083_13866_12588_12391_11144_12188_12414_8767_8769_10830_14147_10378_9744_9745_16295_1011570_1011571_1011578_1011577_1011568_1011430_1010879_1010880_1010881_1010885_1010886_1010887_1010888_1010889_1010890_1010891_1010892_1010893_1010894_1010899_1010900_1010901_1010903_1011569_1011572_1011573_1011574_1011575_1011576_1012707,disease,neuronal ceroid lipofuscinosis,MONDO_grouped,25603,10831,effect/phenotype,Impaired proprioception,HPO
disease_phenotype_positive,phenotype present,30631,8083_13866_12588_12391_11144_12188_12414_8767_8769_10830_14147_10378_9744_9745_16295_1011570_1011571_1011578_1011577_1011568_1011430_1010879_1010880_1010881_1010885_1010886_1010887_1010888_1010889_1010890_1010891_1010892_1010893_1010894_1010899_1010900_1010901_1010903_1011569_1011572_1011573_1011574_1011575_1011576_1012707,disease,neuronal ceroid lipofuscinosis,MONDO_grouped,85259,11808,effect/phenotype,Decreased patellar reflex,HPO
disease_phenotype_positive,phenotype present,30631,8083_13866_12588_12391_11144_12188_12414_8767_8769_10830_14147_10378_9744_9745_16295_1011570_1011571_1011578_1011577_1011568_1011430_1010879_1010880_1010881_1010885_1010886_1010887_1010888_1010889_1010890_1010891_1010892_1010893_1010894_1010899_1010900_1010901_1010903_1011569_1011572_1011573_1011574_1011575_1011576_1012707,disease,neuronal ceroid lipofuscinosis,MONDO_grouped,87983,32037,effect/phenotype,Mildly reduced visual acuity,HPO
disease_phenotype_positive,phenotype present,14172,80208,gene/protein,SPG11,NCBI,25470,1288,effect/phenotype,Gait disturbance,HPO
disease_disease,parent-child,30631,8083_13866_12588_12391_11144_12188_12414_8767_8769_10830_14147_10378_9744_9745_16295_1011570_1011571_1011578_1011577_1011568_1011430_1010879_1010880_1010881_1010885_1010886_1010887_1010888_1010889_1010890_1010891_1010892_1010893_1010894_1010899_1010900_1010901_1010903_1011569_1011572_1011573_1011574_1011575_1011576_1012707,disease,neuronal ceroid lipofuscinosis,MONDO_grouped,30170,14302_12928_14568_12867_12766_13132_13239_11489_11785_11339_14304_10044_13962_11408_14018_12213_14644_12448_12787_14282_11532_12866_11445_14015_12639_12181_14295_8438_13552_14020_10043_11803_13165_13551_13342_11006_10047_14882_14016_12476_10287_12256_13048_10418_13179_14729_13401_10046_14303_11992_13737_11522_14024_12334_12453_8437_12643_10733_11862_14305_10878_19064,disease,hereditary spastic paraplegia,MONDO_grouped
disease_phenotype_positive,phenotype present,14172,80208,gene/protein,SPG11,NCBI,83240,7010,effect/phenotype,Poor fine motor coordination,HPO
disease_phenotype_positive,phenotype present,14172,80208,gene/protein,SPG11,NCBI,25166,1251,effect/phenotype,Ataxia,HPO
disease_phenotype_positive,phenotype present,14172,80208,gene/protein,SPG11,NCBI,28171,33429,effect/phenotype,Neuroinflammation,HPO
disease_phenotype_positive,phenotype present,43338,2561_1011459_1011980_19261,disease,infantile neuronal ceroid lipofuscinosis,MONDO_grouped,25472,1250,effect/phenotype,Seizure,HPO
protein_protein,ppi,8758,29801,gene/protein,ZDHHC8,NCBI,3115,4776,gene/protein,NFATC4,NCBI
protein_protein,ppi,9836,55146,gene/protein,ZDHHC4,NCBI,3115,4776,gene/protein,NFATC4,NCBI
disease_phenotype_positive,phenotype present,30631,8083_13866_12588_12391_11144_12188_12414_8767_8769_10830_14147_10378_9744_9745_16295_1011570_1011571_1011578_1011577_1011568_1011430_1010879_1010880_1010881_1010885_1010886_1010887_1010888_1010889_1010890_1010891_1010892_1010893_1010894_1010899_1010900_1010901_1010903_1011569_1011572_1011573_1011574_1011575_1011576_1012707,disease,neuronal ceroid lipofuscinosis,MONDO_grouped,25593,4302,effect/phenotype,Functional motor deficit,HPO
disease_phenotype_positive,phenotype present,30631,8083_13866_12588_12391_11144_12188_12414_8767_8769_10830_14147_10378_9744_9745_16295_1011570_1011571_1011578_1011577_1011568_1011430_1010879_1010880_1010881_1010885_1010886_1010887_1010888_1010889_1010890_1010891_1010892_1010893_1010894_1010899_1010900_1010901_1010903_1011569_1011572_1011573_1011574_1011575_1011576_1012707,disease,neuronal ceroid lipofuscinosis,MONDO_grouped,30631,8083_13866_12588_12391_11144_12188_12414_8767_8769_10830_14147_10378_9744_9745_16295_1011570_1011571_1011578_1011577_1011568_1011430_1010879_1010880_1010881_1010885_1010886_1010887_1010888_1010889_1010890_1010891_1010892_1010893_1010894_1010899_1010900_1010901_1010903_1011569_1011572_1011573_1011574_1011575_1011576_1012707,disease,neuronal ceroid lipofuscinosis,MONDO_grouped
disease_disease,parent-child,129319,2561,disease,lysosomal storage disease,MONDO,30631,8083_13866_12588_12391_11144_12188_12414_8767_8769_10830_14147_10378_9744_9745_16295_1011570_1011571_1011578_1011577_1011568_1011430_1010879_1010880_1010881_1010885_1010886_1010887_1010888_1010889_1010890_1010891_1010892_1010893_1010894_1010899_1010900_1010901_1010903_1011569_1011572_1011573_1011574_1011575_1011576_1012707,disease,neuronal ceroid lipofuscinosis,MONDO_grouped
disease_phenotype_positive,phenotype present,43338,2561_1011459_1011980_19261,disease,infantile neuronal ceroid lipofuscinosis,MONDO_grouped,24852,546,effect/phenotype,Retinal degeneration,HPO
disease_phenotype_positive,phenotype present,43338,2561_1011459_1011980_19261,disease,infantile neuronal ceroid lipofuscinosis,MONDO_grouped,25883,3204,effect/phenotype,Intracellular accumulation of autofluorescent lipopigment storage material,HPO
phenotype_protein,associated with,26936,529,effect/phenotype,Progressive visual loss,HPO,844,1201,gene/protein,CLN3,NCBI
indication,indication,22252,DB13173,drug,Cerliponase alfa,DrugBank,30631,8083_13866_12588_12391_11144_12188_12414_8767_8769_10830_14147_10378_9744_9745_16295_1011570_1011571_1011578_1011577_1011568_1011430_1010879_1010880_1010881_1010885_1010886_1010887_1010888_1010889_1010890_1010891_1010892_1010893_1010894_1010899_1010900_1010901_1010903_1011569_1011572_1011573_1011574_1011575_1011576_1012707,disease,neuronal ceroid lipofuscinosis,MONDO_grouped
disease_disease,parent-child,30631,8083_13866_12588_12391_11144_12188_12414_8767_8769_10830_14147_10378_9744_9745_16295_1011570_1011571_1011578_1011577_1011568_1011430_1010879_1010880_1010881_1010885_1010886_1010887_1010888_1010889_1010890_1010891_1010892_1010893_1010894_1010899_1010900_1010901_1010903_1011569_1011572_1011573_1011574_1011575_1011576_1012707,disease,neuronal ceroid lipofuscinosis,MONDO_grouped,30631,8083_13866_12588_12391_11144_12188_12414_8767_8769_10830_14147_10378_9744_9745_16295_1011570_1011571_1011578_1011577_1011568_1011430_1010879_1010880_1010881_1010885_1010886_1010887_1010888_1010889_1010890_1010891_1010892_1010893_1010894_1010899_1010900_1010901_1010903_1011569_1011572_1011573_1011574_1011575_1011576_1012707,disease,neuronal ceroid lipofuscinosis,MONDO_grouped
molfunc_protein,interacts with,54202,72593,biological_process,reactive oxygen species metabolic process,GO,3414,5209,gene/protein,PFKFB3,NCBI
indication,indication,16683,DB00593,drug,Ethosuximide,DrugBank,30631,8083_13866_12588_12391_11144_12188_12414_8767_8769_10830_14147_10378_9744_9745_16295_1011570_1011571_1011578_1011577_1011568_1011430_1010879_1010880_1010881_1010885_1010886_1010887_1010888_1010889_1010890_1010891_1010892_1010893_1010894_1010899_1010900_1010901_1010903_1011569_1011572_1011573_1011574_1011575_1011576_1012707,disease,neuronal ceroid lipofuscinosis,MONDO_grouped
phenotype_protein,associated with,845,1203,gene/protein,CLN5,NCBI,48341,55088,biological_process,lipid homeostasis,GO
phenotype_protein,associated with,845,1203,gene/protein,CLN5,NCBI,63280,R-HSA-428157,pathway,Sphingolipid metabolism,REACTOME
drug_effect,side effect,19022,DB00419,drug,Miglustat,DrugBank,43061,19713,disease,non-syndromic limb reduction defect,MONDO
drug_effect,side effect,43061,19713,disease,non-syndromic limb reduction defect,MONDO,43061,19713,disease,non-syndromic limb reduction defect,MONDO
drug_effect,side effect,19022,DB00419,drug,Miglustat,DrugBank,85510,12240,effect/phenotype,Increased intramyocellular lipid droplets,HPO
disease_phenotype_positive,phenotype present,28344,100806,effect/phenotype,Sepsis,HPO,81404,1927,effect/phenotype,Acanthocytosis,HPO
disease_disease,parent-child,63514,R-HSA-8863678,pathway,Neurodegenerative Diseases,REACTOME,30631,8083_13866_12588_12391_11144_12188_12414_8767_8769_10830_14147_10378_9744_9745_16295_1011570_1011571_1011578_1011577_1011568_1011430_1010879_1010880_1010881_1010885_1010886_1010887_1010888_1010889_1010890_1010891_1010892_1010893_1010894_1010899_1010900_1010901_1010903_1011569_1011572_1011573_1011574_1011575_1011576_1012707,disease,neuronal ceroid lipofuscinosis,MONDO_grouped
phenotype_protein,associated with,26269,396,effect/phenotype,Overfolded helix,HPO,3642,5538,gene/protein,PPT1,NCBI
phenotype_protein,associated with,89108,33569,effect/phenotype,Extreme axis deviation,HPO,3642,5538,gene/protein,PPT1,NCBI
phenotype_protein,associated with,82827,5968,effect/phenotype,Temperature instability,HPO,3642,5538,gene/protein,PPT1,NCBI
phenotype_protein,associated with,89187,33666,effect/phenotype,Diminished physical functioning,HPO,3642,5538,gene/protein,PPT1,NCBI
disease_protein,associated with,129319,2561,disease,lysosomal storage disease,MONDO,834,1185,gene/protein,CLCN6,NCBI
disease_protein,associated with,63514,R-HSA-8863678,pathway,Neurodegenerative Diseases,REACTOME,834,1185,gene/protein,CLCN6,NCBI
cellcomp_protein,interacts with,3642,5538,gene/protein,PPT1,NCBI,129320,99703,cellular component,induction of synaptic vesicle exocytosis by positive regulation of presynaptic cytosolic calcium ion concentration,GO
phenotype_protein,associated with,844,1201,gene/protein,CLN3,NCBI,26786,2344,effect/phenotype,Progressive neurologic deterioration,HPO
cellcomp_protein,interacts with,52653,33299,biological_process,secretion of lysosomal enzymes,GO,843,1200,gene/protein,TPP1,NCBI
protein_protein,ppi,13262,154881,gene/protein,KCTD7,NCBI,845,1203,gene/protein,CLN5,NCBI
disease_phenotype_positive,phenotype present,63514,R-HSA-8863678,pathway,Neurodegenerative Diseases,REACTOME,29171,2376,effect/phenotype,Developmental regression,HPO
disease_phenotype_positive,phenotype present,40785,19496_1010233_44033,disease,progressive multiple sclerosis,MONDO_grouped,24914,739,effect/phenotype,Anxiety,HPO
disease_phenotype_positive,phenotype present,40785,19496_1010233_44033,disease,progressive multiple sclerosis,MONDO_grouped,40785,19496_1010233_44033,disease,progressive multiple sclerosis,MONDO_grouped
disease_phenotype_positive,phenotype present,40785,19496_1010233_44033,disease,progressive multiple sclerosis,MONDO_grouped,48164,2524,biological_process,hypersensitivity,GO
disease_phenotype_positive,phenotype present,40785,19496_1010233_44033,disease,progressive multiple sclerosis,MONDO_grouped,25146,2360,effect/phenotype,Sleep disturbance,HPO
disease_phenotype_positive,phenotype present,40785,19496_1010233_44033,disease,progressive multiple sclerosis,MONDO_grouped,24837,505,effect/phenotype,Visual impairment,HPO
disease_protein,associated with,43338,2561_1011459_1011980_19261,disease,infantile neuronal ceroid lipofuscinosis,MONDO_grouped,13621,256471,gene/protein,MFSD8,NCBI
disease_phenotype_positive,phenotype present,43338,2561_1011459_1011980_19261,disease,infantile neuronal ceroid lipofuscinosis,MONDO_grouped,32802,9549,disease,severe early-childhood-onset retinal dystrophy,MONDO
disease_phenotype_positive,phenotype present,30631,8083_13866_12588_12391_11144_12188_12414_8767_8769_10830_14147_10378_9744_9745_16295_1011570_1011571_1011578_1011577_1011568_1011430_1010879_1010880_1010881_1010885_1010886_1010887_1010888_1010889_1010890_1010891_1010892_1010893_1010894_1010899_1010900_1010901_1010903_1011569_1011572_1011573_1011574_1011575_1011576_1012707,disease,neuronal ceroid lipofuscinosis,MONDO_grouped,25474,11813,effect/phenotype,Increased cerebral lipofuscin,HPO
disease_protein,associated with,43351,19262,disease,juvenile neuronal ceroid lipofuscinosis,MONDO,844,1201,gene/protein,CLN3,NCBI
disease_disease,parent-child,40818,5559,disease,neurodegenerative disease,MONDO,43351,19262,disease,juvenile neuronal ceroid lipofuscinosis,MONDO
molfunc_protein,interacts with,844,1201,gene/protein,CLN3,NCBI,844,1201,gene/protein,CLN3,NCBI
bioprocess_protein,interacts with,844,1201,gene/protein,CLN3,NCBI,47870,19725,biological_process,cellular homeostasis,GO
disease_phenotype_positive,phenotype present,30631,8083_13866_12588_12391_11144_12188_12414_8767_8769_10830_14147_10378_9744_9745_16295_1011570_1011571_1011578_1011577_1011568_1011430_1010879_1010880_1010881_1010885_1010886_1010887_1010888_1010889_1010890_1010891_1010892_1010893_1010894_1010899_1010900_1010901_1010903_1011569_1011572_1011573_1011574_1011575_1011576_1012707,disease,neuronal ceroid lipofuscinosis,MONDO_grouped,36536,1149,disease,microcephaly,MONDO
phenotype_protein,associated with,26751,1272,effect/phenotype,Cerebellar atrophy,HPO,13621,256471,gene/protein,MFSD8,NCBI
phenotype_protein,associated with,25494,2059,effect/phenotype,Cerebral atrophy,HPO,13621,256471,gene/protein,MFSD8,NCBI
phenotype_protein,associated with,29171,2376,effect/phenotype,Developmental regression,HPO,13621,256471,gene/protein,MFSD8,NCBI
phenotype_protein,associated with,36536,1149,disease,microcephaly,MONDO,13621,256471,gene/protein,MFSD8,NCBI
bioprocess_protein,interacts with,844,1201,gene/protein,CLN3,NCBI,53494,44351,biological_process,macropinocytosis,GO
disease_phenotype_positive,phenotype present,28171,33429,effect/phenotype,Neuroinflammation,HPO,63514,R-HSA-8863678,pathway,Neurodegenerative Diseases,REACTOME
disease_phenotype_positive,phenotype present,55662,22008,biological_process,neurogenesis,GO,63514,R-HSA-8863678,pathway,Neurodegenerative Diseases,REACTOME
disease_phenotype_positive,phenotype present,49423,6914,biological_process,autophagy,GO,63514,R-HSA-8863678,pathway,Neurodegenerative Diseases,REACTOME
protein_protein,ppi,844,1201,gene/protein,CLN3,NCBI,6625,10146,gene/protein,G3BP1,NCBI
disease_protein,associated with,34544,8606_7256_20588_800183,disease,hepatocellular carcinoma,MONDO_grouped,844,1201,gene/protein,CLN3,NCBI
disease_protein,associated with,34544,8606_7256_20588_800183,disease,hepatocellular carcinoma,MONDO_grouped,4420,6635,gene/protein,SNRPE,NCBI
bioprocess_protein,interacts with,46818,16477,biological_process,cell migration,GO,4420,6635,gene/protein,SNRPE,NCBI
disease_phenotype_positive,phenotype present,30192,13485_12246_33480_11694_14867_12103_11819_30805_859334_8458_11781_8457_7574_11833_14626_33479_11834_12450_8119_14776_12116_12449_7298_11529_13241_7296_11464_13594_11330_14417_14475_10847_13486_16163_11439_14410_32526_11540_12098_10848_33481_12247_33482_13029_975800,disease,spinocerebellar ataxia,MONDO_grouped,35493,16591,disease,sporadic adult-onset ataxia of unknown etiology,MONDO
disease_phenotype_positive,phenotype present,30192,13485_12246_33480_11694_14867_12103_11819_30805_859334_8458_11781_8457_7574_11833_14626_33479_11834_12450_8119_14776_12116_12449_7298_11529_13241_7296_11464_13594_11330_14417_14475_10847_13486_16163_11439_14410_32526_11540_12098_10848_33481_12247_33482_13029_975800,disease,spinocerebellar ataxia,MONDO_grouped,25474,11813,effect/phenotype,Increased cerebral lipofuscin,HPO
disease_disease,parent-child,43536,15611,disease,neutral lipid storage disease,MONDO,30192,13485_12246_33480_11694_14867_12103_11819_30805_859334_8458_11781_8457_7574_11833_14626_33479_11834_12450_8119_14776_12116_12449_7298_11529_13241_7296_11464_13594_11330_14417_14475_10847_13486_16163_11439_14410_32526_11540_12098_10848_33481_12247_33482_13029_975800,disease,spinocerebellar ataxia,MONDO_grouped
drug_effect,side effect,22252,DB13173,drug,Cerliponase alfa,DrugBank,26786,2344,effect/phenotype,Progressive neurologic deterioration,HPO
disease_phenotype_positive,phenotype present,30631,8083_13866_12588_12391_11144_12188_12414_8767_8769_10830_14147_10378_9744_9745_16295_1011570_1011571_1011578_1011577_1011568_1011430_1010879_1010880_1010881_1010885_1010886_1010887_1010888_1010889_1010890_1010891_1010892_1010893_1010894_1010899_1010900_1010901_1010903_1011569_1011572_1011573_1011574_1011575_1011576_1012707,disease,neuronal ceroid lipofuscinosis,MONDO_grouped,41660,5027,disease,epilepsy,MONDO
drug_effect,side effect,62326,D008094,exposure,Lithium,CTD,30631,8083_13866_12588_12391_11144_12188_12414_8767_8769_10830_14147_10378_9744_9745_16295_1011570_1011571_1011578_1011577_1011568_1011430_1010879_1010880_1010881_1010885_1010886_1010887_1010888_1010889_1010890_1010891_1010892_1010893_1010894_1010899_1010900_1010901_1010903_1011569_1011572_1011573_1011574_1011575_1011576_1012707,disease,neuronal ceroid lipofuscinosis,MONDO_grouped
drug_effect,side effect,22252,DB13173,drug,Cerliponase alfa,DrugBank,84768,10862,effect/phenotype,Delayed fine motor development,HPO
drug_effect,side effect,22252,DB13173,drug,Cerliponase alfa,DrugBank,83257,7064,effect/phenotype,Progressive language deterioration,HPO
drug_protein,target,22252,DB13173,drug,Cerliponase alfa,DrugBank,843,1200,gene/protein,TPP1,NCBI
drug_effect,side effect,22252,DB13173,drug,Cerliponase alfa,DrugBank,81524,2333,effect/phenotype,Motor deterioration,HPO
exposure_bioprocess,interacts with,845,1203,gene/protein,CLN5,NCBI,52653,33299,biological_process,secretion of lysosomal enzymes,GO
bioprocess_protein,interacts with,845,1203,gene/protein,CLN5,NCBI,45962,46903,biological_process,secretion,GO
bioprocess_protein,interacts with,1046,1509,gene/protein,CTSD,NCBI,45962,46903,biological_process,secretion,GO
phenotype_phenotype,parent-child,28171,33429,effect/phenotype,Neuroinflammation,HPO,92104,6000040,effect/phenotype,Neuropathic pain,HPO
disease_protein,associated with,30291,15004_10983_44871_12712_14019_30486_30513_30538_13813_15003_12789_859215_14627_25691_30958_7495_7496_957385_14033_957542_30455_13928_957539_24304_9142_100098,disease,dystonia,MONDO_grouped,9835,55145,gene/protein,THAP1,NCBI
protein_protein,ppi,9835,55145,gene/protein,THAP1,NCBI,323,468,gene/protein,ATF4,NCBI
protein_protein,ppi,9835,55145,gene/protein,THAP1,NCBI,844,1201,gene/protein,CLN3,NCBI
protein_protein,ppi,9835,55145,gene/protein,THAP1,NCBI,11895,83939,gene/protein,EIF2A,NCBI
protein_protein,ppi,9835,55145,gene/protein,THAP1,NCBI,4126,6240,gene/protein,RRM1,NCBI
protein_protein,ppi,9835,55145,gene/protein,THAP1,NCBI,420,624,gene/protein,BDKRB2,NCBI
protein_protein,ppi,9835,55145,gene/protein,THAP1,NCBI,1294,1902,gene/protein,LPAR1,NCBI
protein_protein,ppi,9835,55145,gene/protein,THAP1,NCBI,5603,8738,gene/protein,CRADD,NCBI
disease_protein,associated with,41655,5071,disease,nervous system disorder,MONDO,4554,6812,gene/protein,STXBP1,NCBI
disease_protein,associated with,41655,5071,disease,nervous system disorder,MONDO,1276,1861,gene/protein,TOR1A,NCBI
drug_effect,side effect,22252,DB13173,drug,Cerliponase alfa,DrugBank,83319,7272,effect/phenotype,Progressive psychomotor deterioration,HPO
drug_effect,side effect,22252,DB13173,drug,Cerliponase alfa,DrugBank,83335,7321,effect/phenotype,Deep white matter hypodensities,HPO
disease_phenotype_positive,phenotype present,43338,2561_1011459_1011980_19261,disease,infantile neuronal ceroid lipofuscinosis,MONDO_grouped,25636,2180,effect/phenotype,Neurodegeneration,HPO
disease_phenotype_positive,phenotype present,43338,2561_1011459_1011980_19261,disease,infantile neuronal ceroid lipofuscinosis,MONDO_grouped,25150,100543,effect/phenotype,Cognitive impairment,HPO
drug_effect,side effect,18069,DB00331,drug,Metformin,DrugBank,83221,6964,effect/phenotype,Cerebral cortical neurodegeneration,HPO
off-label use,off-label use,18069,DB00331,drug,Metformin,DrugBank,36191,9697,disease,Lafora disease,MONDO
disease_disease,parent-child,31182,12721_30936_14521_14685_14545_13526_30034_12904_17640_3225,disease,progressive myoclonic epilepsy,MONDO_grouped,36191,9697,disease,Lafora disease,MONDO
disease_phenotype_positive,phenotype present,30631,8083_13866_12588_12391_11144_12188_12414_8767_8769_10830_14147_10378_9744_9745_16295_1011570_1011571_1011578_1011577_1011568_1011430_1010879_1010880_1010881_1010885_1010886_1010887_1010888_1010889_1010890_1010891_1010892_1010893_1010894_1010899_1010900_1010901_1010903_1011569_1011572_1011573_1011574_1011575_1011576_1012707,disease,neuronal ceroid lipofuscinosis,MONDO_grouped,25573,12444,effect/phenotype,Brain atrophy,HPO
disease_disease,parent-child,30631,8083_13866_12588_12391_11144_12188_12414_8767_8769_10830_14147_10378_9744_9745_16295_1011570_1011571_1011578_1011577_1011568_1011430_1010879_1010880_1010881_1010885_1010886_1010887_1010888_1010889_1010890_1010891_1010892_1010893_1010894_1010899_1010900_1010901_1010903_1011569_1011572_1011573_1011574_1011575_1011576_1012707,disease,neuronal ceroid lipofuscinosis,MONDO_grouped,30149,850097_5538_20640_1011713,disease,autoimmune encephalitis,MONDO_grouped
disease_disease,parent-child,30631,8083_13866_12588_12391_11144_12188_12414_8767_8769_10830_14147_10378_9744_9745_16295_1011570_1011571_1011578_1011577_1011568_1011430_1010879_1010880_1010881_1010885_1010886_1010887_1010888_1010889_1010890_1010891_1010892_1010893_1010894_1010899_1010900_1010901_1010903_1011569_1011572_1011573_1011574_1011575_1011576_1012707,disease,neuronal ceroid lipofuscinosis,MONDO_grouped,32337,9366,disease,normal pressure hydrocephalus,MONDO
drug_effect,side effect,22252,DB13173,drug,Cerliponase alfa,DrugBank,26036,8994,effect/phenotype,Proximal lower limb muscle weakness,HPO
drug_effect,side effect,22252,DB13173,drug,Cerliponase alfa,DrugBank,86280,25264,effect/phenotype,Stiff ankle,HPO
drug_effect,side effect,22252,DB13173,drug,Cerliponase alfa,DrugBank,86335,25335,effect/phenotype,Delayed ability to stand,HPO
bioprocess_protein,interacts with,844,1201,gene/protein,CLN3,NCBI,111101,36335,biological_process,intestinal stem cell homeostasis,GO
drug_effect,side effect,22252,DB13173,drug,Cerliponase alfa,DrugBank,26022,3679,effect/phenotype,Pace of progression,HPO
anatomy_protein_present,expression present,83233,6999,effect/phenotype,Basal ganglia gliosis,HPO,64098,966,anatomy,retina,UBERON
molfunc_protein,interacts with,11508,79947,gene/protein,DHDDS,NCBI,129322,4659,molecular function,prenyltransferase activity,GO
phenotype_phenotype,parent-child,24852,546,effect/phenotype,Retinal degeneration,HPO,28152,11510,effect/phenotype,Drusen,HPO
disease_phenotype_positive,phenotype present,129323,8767,disease,neuronal ceroid lipofuscinosis 3,MONDO,84772,10873,effect/phenotype,Cervical spinal cord atrophy,HPO
drug_effect,side effect,16683,DB00593,drug,Ethosuximide,DrugBank,46794,6935,biological_process,chemotaxis,GO
phenotype_protein,associated with,103279,31648,biological_process,protein destabilization,GO,3642,5538,gene/protein,PPT1,NCBI
disease_phenotype_positive,phenotype present,40786,5284,disease,chronic progressive multiple sclerosis,MONDO,27824,20,effect/phenotype,Urinary incontinence,HPO
disease_phenotype_positive,phenotype present,40786,5284,disease,chronic progressive multiple sclerosis,MONDO,29520,2607,effect/phenotype,Bowel incontinence,HPO
disease_phenotype_positive,phenotype present,129323,8767,disease,neuronal ceroid lipofuscinosis 3,MONDO,129324,726,effect/phenotype,Dementia,HPO
protein_protein,ppi,844,1201,gene/protein,CLN3,NCBI,844,1201,gene/protein,CLN3,NCBI
bioprocess_protein,interacts with,129325,10494,biological process,cytoplasmic stress granule,GO,844,1201,gene/protein,CLN3,NCBI
drug_effect,side effect,62326,D008094,exposure,Lithium,CTD,129326,1900089,molecular function,negative regulation of inositol biosynthetic process,GO
disease_phenotype_positive,phenotype present,30631,8083_13866_12588_12391_11144_12188_12414_8767_8769_10830_14147_10378_9744_9745_16295_1011570_1011571_1011578_1011577_1011568_1011430_1010879_1010880_1010881_1010885_1010886_1010887_1010888_1010889_1010890_1010891_1010892_1010893_1010894_1010899_1010900_1010901_1010903_1011569_1011572_1011573_1011574_1011575_1011576_1012707,disease,neuronal ceroid lipofuscinosis,MONDO_grouped,129324,726,effect/phenotype,Dementia,HPO
anatomy_anatomy,parent-child,64088,955,anatomy,brain,UBERON,26762,2120,effect/phenotype,Cerebral cortical atrophy,HPO
indication,indication,129328,DB15379,drug,Hydroxypropyl betadex,DrugBank,80529,30602_5945_1797_5972,disease,Niemann-Pick disease type C,MONDO_grouped
disease_phenotype_positive,phenotype present,80529,30602_5945_1797_5972,disease,Niemann-Pick disease type C,MONDO_grouped,81909,3489,effect/phenotype,Acute episodes of neuropathic symptoms,HPO
disease_phenotype_positive,phenotype present,80529,30602_5945_1797_5972,disease,Niemann-Pick disease type C,MONDO_grouped,92220,6000158,effect/phenotype,Unesterified cholesterol accumulation in cultured fibroblasts,HPO
disease_protein,associated with,80529,30602_5945_1797_5972,disease,Niemann-Pick disease type C,MONDO_grouped,3180,4864,gene/protein,NPC1,NCBI
disease_disease,parent-child,80529,30602_5945_1797_5972,disease,Niemann-Pick disease type C,MONDO_grouped,40818,5559,disease,neurodegenerative disease,MONDO
disease_phenotype_positive,phenotype present,80529,30602_5945_1797_5972,disease,Niemann-Pick disease type C,MONDO_grouped,25864,4356,effect/phenotype,Abnormality of lysosomal metabolism,HPO
cellcomp_protein,interacts with,59632,5770,cellular_component,late endosome,GO,3180,4864,gene/protein,NPC1,NCBI
disease_phenotype_positive,phenotype present,91011,100708,effect/phenotype,Abnormal microglia morphology,HPO,80529,30602_5945_1797_5972,disease,Niemann-Pick disease type C,MONDO_grouped
disease_protein,associated with,88284,32479,effect/phenotype,Preimplantation lethality,HPO,12668,116150,gene/protein,NUS1,NCBI
disease_disease,parent-child,63514,R-HSA-8863678,pathway,Neurodegenerative Diseases,REACTOME,80529,30602_5945_1797_5972,disease,Niemann-Pick disease type C,MONDO_grouped
bioprocess_protein,interacts with,63451,R-HSA-70171,pathway,Glycolysis,REACTOME,3180,4864,gene/protein,NPC1,NCBI
bioprocess_protein,interacts with,63457,R-HSA-71336,pathway,Pentose phosphate pathway,REACTOME,3180,4864,gene/protein,NPC1,NCBI
drug_drug,synergistic interaction,22498,DB02962,drug,Benzimidazole,DrugBank,129328,DB15379,drug,Hydroxypropyl betadex,DrugBank
disease_phenotype_positive,phenotype present,80529,30602_5945_1797_5972,disease,Niemann-Pick disease type C,MONDO_grouped,25636,2180,effect/phenotype,Neurodegeneration,HPO
disease_phenotype_positive,phenotype present,80529,30602_5945_1797_5972,disease,Niemann-Pick disease type C,MONDO_grouped,80889,1433,effect/phenotype,Hepatosplenomegaly,HPO
exposure_disease,linked to,17125,DB00290,drug,Bleomycin,DrugBank,29269,2206,effect/phenotype,Pulmonary fibrosis,HPO
phenotype_protein,associated with,26516,30760,effect/phenotype,Renal fibrosis,HPO,3180,4864,gene/protein,NPC1,NCBI
anatomy_protein_present,expression present,65209,2113,anatomy,kidney,UBERON,3180,4864,gene/protein,NPC1,NCBI
bioprocess_protein,interacts with,62921,R-HSA-109581,pathway,Apoptosis,REACTOME,3180,4864,gene/protein,NPC1,NCBI
cellcomp_protein,interacts with,129329,5773,cellular component,vacuole,GO,3180,4864,gene/protein,NPC1,NCBI
phenotype_protein,associated with,83293,7190,effect/phenotype,Neuronal loss in the cerebral cortex,HPO,3180,4864,gene/protein,NPC1,NCBI
phenotype_protein,associated with,26226,1824,effect/phenotype,Weight loss,HPO,3180,4864,gene/protein,NPC1,NCBI
phenotype_protein,associated with,58961,5773,cellular_component,vacuole,GO,3180,4864,gene/protein,NPC1,NCBI
drug_effect,side effect,19022,DB00419,drug,Miglustat,DrugBank,92220,6000158,effect/phenotype,Unesterified cholesterol accumulation in cultured fibroblasts,HPO
disease_protein,associated with,80529,30602_5945_1797_5972,disease,Niemann-Pick disease type C,MONDO_grouped,6962,10577,gene/protein,NPC2,NCBI
disease_phenotype_positive,phenotype present,80529,30602_5945_1797_5972,disease,Niemann-Pick disease type C,MONDO_grouped,30291,15004_10983_44871_12712_14019_30486_30513_30538_13813_15003_12789_859215_14627_25691_30958_7495_7496_957385_14033_957542_30455_13928_957539_24304_9142_100098,disease,dystonia,MONDO_grouped
disease_phenotype_positive,phenotype present,80529,30602_5945_1797_5972,disease,Niemann-Pick disease type C,MONDO_grouped,25471,2015,effect/phenotype,Dysphagia,HPO
disease_phenotype_positive,phenotype present,80529,30602_5945_1797_5972,disease,Niemann-Pick disease type C,MONDO_grouped,44622,437,disease,cerebellar ataxia,MONDO
phenotype_protein,associated with,25593,4302,effect/phenotype,Functional motor deficit,HPO,3180,4864,gene/protein,NPC1,NCBI
drug_effect,side effect,19022,DB00419,drug,Miglustat,DrugBank,83331,7307,effect/phenotype,Rapid neurologic deterioration,HPO
drug_effect,side effect,19022,DB00419,drug,Miglustat,DrugBank,88284,32479,effect/phenotype,Preimplantation lethality,HPO
indication,indication,19022,DB00419,drug,Miglustat,DrugBank,80529,30602_5945_1797_5972,disease,Niemann-Pick disease type C,MONDO_grouped
disease_disease,parent-child,94174,18316,disease,fatal post-viral neurodegenerative disorder,MONDO,80529,30602_5945_1797_5972,disease,Niemann-Pick disease type C,MONDO_grouped
indication,indication,22992,DB05025,drug,Arimoclomol,DrugBank,80529,30602_5945_1797_5972,disease,Niemann-Pick disease type C,MONDO_grouped
drug_drug,synergistic interaction,22992,DB05025,drug,Arimoclomol,DrugBank,19022,DB00419,drug,Miglustat,DrugBank
bioprocess_protein,interacts with,47147,46907,biological_process,intracellular transport,GO,3180,4864,gene/protein,NPC1,NCBI
bioprocess_protein,interacts with,63335,R-HSA-556833,pathway,Metabolism of lipids,REACTOME,3180,4864,gene/protein,NPC1,NCBI
bioprocess_protein,interacts with,47147,46907,biological_process,intracellular transport,GO,6962,10577,gene/protein,NPC2,NCBI
bioprocess_protein,interacts with,63335,R-HSA-556833,pathway,Metabolism of lipids,REACTOME,6962,10577,gene/protein,NPC2,NCBI
phenotype_protein,associated with,92220,6000158,effect/phenotype,Unesterified cholesterol accumulation in cultured fibroblasts,HPO,3180,4864,gene/protein,NPC1,NCBI
drug_protein,target,22992,DB05025,drug,Arimoclomol,DrugBank,3180,4864,gene/protein,NPC1,NCBI
disease_disease,parent-child,40818,5559,disease,neurodegenerative disease,MONDO,80529,30602_5945_1797_5972,disease,Niemann-Pick disease type C,MONDO_grouped
disease_disease,parent-child,80529,30602_5945_1797_5972,disease,Niemann-Pick disease type C,MONDO_grouped,63514,R-HSA-8863678,pathway,Neurodegenerative Diseases,REACTOME
disease_disease,parent-child,80529,30602_5945_1797_5972,disease,Niemann-Pick disease type C,MONDO_grouped,129319,2561,disease,lysosomal storage disease,MONDO
disease_disease,parent-child,129319,2561,disease,lysosomal storage disease,MONDO,80529,30602_5945_1797_5972,disease,Niemann-Pick disease type C,MONDO_grouped
phenotype_protein,associated with,91235,410154,effect/phenotype,Increased level of myristic acid in serum,HPO,3180,4864,gene/protein,NPC1,NCBI
disease_phenotype_positive,phenotype present,80529,30602_5945_1797_5972,disease,Niemann-Pick disease type C,MONDO_grouped,81524,2333,effect/phenotype,Motor deterioration,HPO
disease_phenotype_positive,phenotype present,80529,30602_5945_1797_5972,disease,Niemann-Pick disease type C,MONDO_grouped,28171,33429,effect/phenotype,Neuroinflammation,HPO
disease_phenotype_positive,phenotype present,80529,30602_5945_1797_5972,disease,Niemann-Pick disease type C,MONDO_grouped,89208,33695,effect/phenotype,Occupational disability,HPO
disease_phenotype_positive,phenotype present,80529,30602_5945_1797_5972,disease,Niemann-Pick disease type C,MONDO_grouped,81306,1522,effect/phenotype,Death in infancy,HPO
disease_phenotype_positive,phenotype present,80529,30602_5945_1797_5972,disease,Niemann-Pick disease type C,MONDO_grouped,41660,5027,disease,epilepsy,MONDO
disease_phenotype_positive,phenotype present,80529,30602_5945_1797_5972,disease,Niemann-Pick disease type C,MONDO_grouped,25166,1251,effect/phenotype,Ataxia,HPO
drug_effect,side effect,19067,DB04540,drug,Cholesterol,DrugBank,56185,8219,biological_process,cell death,GO
bioprocess_protein,interacts with,51511,46649,biological_process,lymphocyte activation,GO,7161,10892,gene/protein,MALT1,NCBI
disease_phenotype_positive,phenotype present,80529,30602_5945_1797_5972,disease,Niemann-Pick disease type C,MONDO_grouped,81196,1046,effect/phenotype,Intermittent jaundice,HPO
phenotype_protein,associated with,43749,1437,disease,pulmonary alveolar proteinosis,MONDO,6962,10577,gene/protein,NPC2,NCBI
disease_phenotype_positive,phenotype present,86575,25708,effect/phenotype,Early young adult onset,HPO,6962,10577,gene/protein,NPC2,NCBI
disease_phenotype_positive,phenotype present,80529,30602_5945_1797_5972,disease,Niemann-Pick disease type C,MONDO_grouped,25766,1392,effect/phenotype,Abnormality of the liver,HPO
drug_effect,side effect,22992,DB05025,drug,Arimoclomol,DrugBank,26022,3679,effect/phenotype,Pace of progression,HPO
drug_effect,side effect,22992,DB05025,drug,Arimoclomol,DrugBank,89730,34382,effect/phenotype,Disease remission,HPO
disease_phenotype_positive,phenotype present,80529,30602_5945_1797_5972,disease,Niemann-Pick disease type C,MONDO_grouped,25619,1260,effect/phenotype,Dysarthria,HPO
disease_phenotype_positive,phenotype present,80529,30602_5945_1797_5972,disease,Niemann-Pick disease type C,MONDO_grouped,25593,4302,effect/phenotype,Functional motor deficit,HPO
disease_phenotype_positive,phenotype present,80529,30602_5945_1797_5972,disease,Niemann-Pick disease type C,MONDO_grouped,25150,100543,effect/phenotype,Cognitive impairment,HPO
disease_phenotype_positive,phenotype present,80529,30602_5945_1797_5972,disease,Niemann-Pick disease type C,MONDO_grouped,28409,511,effect/phenotype,Vertical supranuclear gaze palsy,HPO
disease_phenotype_positive,phenotype present,80529,30602_5945_1797_5972,disease,Niemann-Pick disease type C,MONDO_grouped,25472,1250,effect/phenotype,Seizure,HPO
drug_protein,target,22992,DB05025,drug,Arimoclomol,DrugBank,4702,7030,gene/protein,TFE3,NCBI
phenotype_protein,associated with,27716,34934,effect/phenotype,Abnormal circulating 7-dehydrocholesterol concentration,HPO,3180,4864,gene/protein,NPC1,NCBI
disease_phenotype_positive,phenotype present,80529,30602_5945_1797_5972,disease,Niemann-Pick disease type C,MONDO_grouped,86575,25708,effect/phenotype,Early young adult onset,HPO
disease_phenotype_positive,phenotype present,80529,30602_5945_1797_5972,disease,Niemann-Pick disease type C,MONDO_grouped,81960,3621,effect/phenotype,Juvenile onset,HPO
disease_phenotype_positive,phenotype present,80529,30602_5945_1797_5972,disease,Niemann-Pick disease type C,MONDO_grouped,35732,19542,disease,acute liver failure,MONDO
disease_phenotype_positive,phenotype present,80529,30602_5945_1797_5972,disease,Niemann-Pick disease type C,MONDO_grouped,30432,12941_8617_54849_9960_33643_32601_13153_12831_12845_12875_30314_11471_5265_12832_12610_12840_11087_11521_11661_11699_11700_11701_12040_12829_12837_12838_12841_12852_12886_12887_12940_12973_13012,disease,inflammatory bowel disease,MONDO_grouped
disease_phenotype_positive,phenotype present,80529,30602_5945_1797_5972,disease,Niemann-Pick disease type C,MONDO_grouped,26009,3651,effect/phenotype,Foam cells,HPO
disease_phenotype_positive,phenotype present,80529,30602_5945_1797_5972,disease,Niemann-Pick disease type C,MONDO_grouped,85601,12390,effect/phenotype,Anal fissure,HPO
disease_phenotype_positive,phenotype present,80529,30602_5945_1797_5972,disease,Niemann-Pick disease type C,MONDO_grouped,94278,4026,disease,skin tag,MONDO
disease_phenotype_positive,phenotype present,80529,30602_5945_1797_5972,disease,Niemann-Pick disease type C,MONDO_grouped,30880,976268_32857_30335_32575_32586_957253_976266_7456,disease,diarrhea,MONDO_grouped
disease_phenotype_positive,phenotype present,80529,30602_5945_1797_5972,disease,Niemann-Pick disease type C,MONDO_grouped,90016,34718,effect/phenotype,Vacuolated hepatocytes,HPO
disease_disease,parent-child,80529,30602_5945_1797_5972,disease,Niemann-Pick disease type C,MONDO_grouped,43536,15611,disease,neutral lipid storage disease,MONDO
disease_phenotype_positive,phenotype present,80529,30602_5945_1797_5972,disease,Niemann-Pick disease type C,MONDO_grouped,26786,2344,effect/phenotype,Progressive neurologic deterioration,HPO
disease_phenotype_positive,phenotype present,80529,30602_5945_1797_5972,disease,Niemann-Pick disease type C,MONDO_grouped,40780,5395,disease,movement disorder,MONDO
disease_phenotype_positive,phenotype present,80529,30602_5945_1797_5972,disease,Niemann-Pick disease type C,MONDO_grouped,25638,1300,effect/phenotype,Parkinsonism,HPO
disease_phenotype_positive,phenotype present,80529,30602_5945_1797_5972,disease,Niemann-Pick disease type C,MONDO_grouped,31961,11671_11299_11487_18425_15548,disease,Huntington disease-like,MONDO_grouped
drug_effect,side effect,19022,DB00419,drug,Miglustat,DrugBank,83319,7272,effect/phenotype,Progressive psychomotor deterioration,HPO
phenotype_protein,associated with,129319,2561,disease,lysosomal storage disease,MONDO,3180,4864,gene/protein,NPC1,NCBI
phenotype_protein,associated with,25404,1873,effect/phenotype,Thrombocytopenia,HPO,3180,4864,gene/protein,NPC1,NCBI
disease_protein,associated with,82243,4420,effect/phenotype,Arterial thrombosis,HPO,3180,4864,gene/protein,NPC1,NCBI
disease_protein,associated with,42751,24644,disease,myocardial ischemia,MONDO,3180,4864,gene/protein,NPC1,NCBI
disease_protein,associated with,25504,2637,effect/phenotype,Cerebral ischemia,HPO,3180,4864,gene/protein,NPC1,NCBI
drug_effect,side effect,129328,DB15379,drug,Hydroxypropyl betadex,DrugBank,24763,365,effect/phenotype,Hearing impairment,HPO
disease_protein,associated with,80529,30602_5945_1797_5972,disease,Niemann-Pick disease type C,MONDO_grouped,12031,84317,gene/protein,CCDC115,NCBI
disease_protein,associated with,80529,30602_5945_1797_5972,disease,Niemann-Pick disease type C,MONDO_grouped,59938,57835,gene/protein,SLC4A5,NCBI
disease_protein,associated with,80529,30602_5945_1797_5972,disease,Niemann-Pick disease type C,MONDO_grouped,6252,9681,gene/protein,DEPDC5,NCBI
disease_protein,associated with,80529,30602_5945_1797_5972,disease,Niemann-Pick disease type C,MONDO_grouped,1435,2110,gene/protein,ETFDH,NCBI
disease_protein,associated with,80529,30602_5945_1797_5972,disease,Niemann-Pick disease type C,MONDO_grouped,7615,23020,gene/protein,SNRNP200,NCBI
disease_protein,associated with,80529,30602_5945_1797_5972,disease,Niemann-Pick disease type C,MONDO_grouped,1217,1793,gene/protein,DOCK1,NCBI
disease_phenotype_positive,phenotype present,80529,30602_5945_1797_5972,disease,Niemann-Pick disease type C,MONDO_grouped,25057,952,effect/phenotype,Jaundice,HPO
disease_disease,parent-child,31560,13060,disease,autosomal recessive Parkinson disease 14,MONDO,80529,30602_5945_1797_5972,disease,Niemann-Pick disease type C,MONDO_grouped
phenotype_protein,associated with,25638,1300,effect/phenotype,Parkinsonism,HPO,3180,4864,gene/protein,NPC1,NCBI
phenotype_protein,associated with,129324,726,effect/phenotype,Dementia,HPO,3180,4864,gene/protein,NPC1,NCBI
anatomy_protein_present,expression present,65458,2371,anatomy,bone marrow,UBERON,26009,3651,effect/phenotype,Foam cells,HPO
anatomy_protein_present,expression present,65203,2107,anatomy,liver,UBERON,26009,3651,effect/phenotype,Foam cells,HPO
anatomy_protein_present,expression present,65202,2106,anatomy,spleen,UBERON,26009,3651,effect/phenotype,Foam cells,HPO
drug_effect,side effect,92220,6000158,effect/phenotype,Unesterified cholesterol accumulation in cultured fibroblasts,HPO,92220,6000158,effect/phenotype,Unesterified cholesterol accumulation in cultured fibroblasts,HPO
bioprocess_protein,interacts with,129330,266,biological process,mitochondrial fission,GO,3180,4864,gene/protein,NPC1,NCBI
disease_phenotype_positive,phenotype present,80529,30602_5945_1797_5972,disease,Niemann-Pick disease type C,MONDO_grouped,83334,7313,effect/phenotype,Cerebral degeneration,HPO
disease_phenotype_positive,phenotype present,80529,30602_5945_1797_5972,disease,Niemann-Pick disease type C,MONDO_grouped,87440,31211,effect/phenotype,Elevated cholesterol ester level,HPO
disease_phenotype_positive,phenotype present,80529,30602_5945_1797_5972,disease,Niemann-Pick disease type C,MONDO_grouped,97336,11509,disease,"low density lipoprotein cholesterol, mild elevation of",MONDO
disease_phenotype_positive,phenotype present,80529,30602_5945_1797_5972,disease,Niemann-Pick disease type C,MONDO_grouped,83648,8167,effect/phenotype,Very long chain fatty acid accumulation,HPO
drug_effect,side effect,129328,DB15379,drug,Hydroxypropyl betadex,DrugBank,83037,6516,effect/phenotype,Hypersensitivity pneumonitis,HPO
disease_phenotype_positive,phenotype present,80529,30602_5945_1797_5972,disease,Niemann-Pick disease type C,MONDO_grouped,25217,1744,effect/phenotype,Splenomegaly,HPO
disease_phenotype_positive,phenotype present,80529,30602_5945_1797_5972,disease,Niemann-Pick disease type C,MONDO_grouped,24820,496,effect/phenotype,Abnormality of eye movement,HPO
phenotype_phenotype,parent-child,24820,496,effect/phenotype,Abnormality of eye movement,HPO,28409,511,effect/phenotype,Vertical supranuclear gaze palsy,HPO
phenotype_phenotype,parent-child,24820,496,effect/phenotype,Abnormality of eye movement,HPO,83540,7885,effect/phenotype,Slowed horizontal saccades,HPO
phenotype_protein,associated with,25903,789,effect/phenotype,Infertility,HPO,3180,4864,gene/protein,NPC1,NCBI
disease_disease,parent-child,40655,19052,disease,inborn errors of metabolism,MONDO,80529,30602_5945_1797_5972,disease,Niemann-Pick disease type C,MONDO_grouped
disease_phenotype_positive,phenotype present,80529,30602_5945_1797_5972,disease,Niemann-Pick disease type C,MONDO_grouped,129319,2561,disease,lysosomal storage disease,MONDO
disease_disease,parent-child,80529,30602_5945_1797_5972,disease,Niemann-Pick disease type C,MONDO_grouped,43140,510,disease,synucleinopathy,MONDO
indication,indication,80529,30602_5945_1797_5972,disease,Niemann-Pick disease type C,MONDO_grouped,19022,DB00419,drug,Miglustat,DrugBank
disease_phenotype_positive,phenotype present,80529,30602_5945_1797_5972,disease,Niemann-Pick disease type C,MONDO_grouped,25469,1257,effect/phenotype,Spasticity,HPO
off-label use,off-label use,19022,DB00419,drug,Miglustat,DrugBank,30934,17380_9262_9261_9260_18149_100446,disease,GM1 gangliosidosis,MONDO_grouped
drug_effect,side effect,62480,D014150,exposure,Antipsychotic Agents,CTD,44734,800105,disease,catatonia,MONDO
indication,indication,15313,DB00555,drug,Lamotrigine,DrugBank,44734,800105,disease,catatonia,MONDO
indication,indication,17124,DB00186,drug,Lorazepam,DrugBank,44734,800105,disease,catatonia,MONDO
drug_effect,side effect,19022,DB00419,drug,Miglustat,DrugBank,25389,11873,effect/phenotype,Abnormal platelet count,HPO
drug_effect,side effect,19022,DB00419,drug,Miglustat,DrugBank,30880,976268_32857_30335_32575_32586_957253_976266_7456,disease,diarrhea,MONDO_grouped
disease_protein,associated with,41532,19255,disease,sphingolipidosis,MONDO,27716,34934,effect/phenotype,Abnormal circulating 7-dehydrocholesterol concentration,HPO
disease_protein,associated with,41532,19255,disease,sphingolipidosis,MONDO,92645,6000611,effect/phenotype,Elevated circulating chitotriosidase activity,HPO
disease_phenotype_positive,phenotype present,80529,30602_5945_1797_5972,disease,Niemann-Pick disease type C,MONDO_grouped,81676,2878,effect/phenotype,Respiratory failure,HPO
disease_phenotype_positive,phenotype present,43387,17739,disease,disorder of lysosomal-related organelles,MONDO,80529,30602_5945_1797_5972,disease,Niemann-Pick disease type C,MONDO_grouped
disease_phenotype_positive,phenotype present,80529,30602_5945_1797_5972,disease,Niemann-Pick disease type C,MONDO_grouped,87860,31847,effect/phenotype,Difficulty walking backward,HPO
disease_disease,parent-child,80529,30602_5945_1797_5972,disease,Niemann-Pick disease type C,MONDO_grouped,40599,3847,disease,hereditary disease,MONDO
disease_phenotype_positive,phenotype present,80529,30602_5945_1797_5972,disease,Niemann-Pick disease type C,MONDO_grouped,26039,1336,effect/phenotype,Myoclonus,HPO
disease_phenotype_positive,phenotype present,80529,30602_5945_1797_5972,disease,Niemann-Pick disease type C,MONDO_grouped,93369,7325,effect/phenotype,Generalized dystonia,HPO
disease_phenotype_positive,phenotype present,80529,30602_5945_1797_5972,disease,Niemann-Pick disease type C,MONDO_grouped,90247,34988,effect/phenotype,Focal necrotic thalamus lesion,HPO
drug_effect,side effect,19022,DB00419,drug,Miglustat,DrugBank,26226,1824,effect/phenotype,Weight loss,HPO
disease_phenotype_positive,phenotype present,80529,30602_5945_1797_5972,disease,Niemann-Pick disease type C,MONDO_grouped,26226,1824,effect/phenotype,Weight loss,HPO
exposure_cellcomp,interacts with,19067,DB04540,drug,Cholesterol,DrugBank,129331,5764,cellular component,lysosome,GO
disease_phenotype_positive,phenotype present,80529,30602_5945_1797_5972,disease,Niemann-Pick disease type C,MONDO_grouped,24803,605,effect/phenotype,Supranuclear gaze palsy,HPO
disease_phenotype_positive,phenotype present,80529,30602_5945_1797_5972,disease,Niemann-Pick disease type C,MONDO_grouped,29171,2376,effect/phenotype,Developmental regression,HPO
disease_phenotype_positive,phenotype present,80529,30602_5945_1797_5972,disease,Niemann-Pick disease type C,MONDO_grouped,25003,1396,effect/phenotype,Cholestasis,HPO
disease_phenotype_positive,phenotype present,80529,30602_5945_1797_5972,disease,Niemann-Pick disease type C,MONDO_grouped,81087,658,effect/phenotype,Eyelid apraxia,HPO
disease_phenotype_positive,phenotype present,80529,30602_5945_1797_5972,disease,Niemann-Pick disease type C,MONDO_grouped,129324,726,effect/phenotype,Dementia,HPO
disease_phenotype_positive,phenotype present,80529,30602_5945_1797_5972,disease,Niemann-Pick disease type C,MONDO_grouped,25216,2240,effect/phenotype,Hepatomegaly,HPO
disease_phenotype_positive,phenotype present,80529,30602_5945_1797_5972,disease,Niemann-Pick disease type C,MONDO_grouped,24732,1252,effect/phenotype,Hypotonia,HPO
disease_phenotype_positive,phenotype present,80529,30602_5945_1797_5972,disease,Niemann-Pick disease type C,MONDO_grouped,25605,1310,effect/phenotype,Dysmetria,HPO
disease_phenotype_positive,phenotype present,80529,30602_5945_1797_5972,disease,Niemann-Pick disease type C,MONDO_grouped,24763,365,effect/phenotype,Hearing impairment,HPO
disease_phenotype_positive,phenotype present,80529,30602_5945_1797_5972,disease,Niemann-Pick disease type C,MONDO_grouped,31275,11552_10897_10943_8414_5090_13498_33312_100182_12054_11960_11280_11294_11295_11298_11307_11498_12879_13089_13506_14092_800358,disease,schizophrenia,MONDO_grouped
disease_phenotype_positive,phenotype present,80529,30602_5945_1797_5972,disease,Niemann-Pick disease type C,MONDO_grouped,81103,716,effect/phenotype,Depression,HPO
disease_disease,parent-child,31563,10526,disease,Fabry disease,MONDO,129319,2561,disease,lysosomal storage disease,MONDO
disease_phenotype_positive,phenotype present,80529,30602_5945_1797_5972,disease,Niemann-Pick disease type C,MONDO_grouped,90187,34922,effect/phenotype,Peripheral axon spheroid formation,HPO
disease_phenotype_positive,phenotype present,80529,30602_5945_1797_5972,disease,Niemann-Pick disease type C,MONDO_grouped,81569,2524,effect/phenotype,Cataplexy,HPO
bioprocess_protein,interacts with,80529,30602_5945_1797_5972,disease,Niemann-Pick disease type C,MONDO_grouped,28409,511,effect/phenotype,Vertical supranuclear gaze palsy,HPO
disease_phenotype_positive,phenotype present,80529,30602_5945_1797_5972,disease,Niemann-Pick disease type C,MONDO_grouped,29473,34775,effect/phenotype,Abnormal blink rate,HPO
disease_phenotype_positive,phenotype present,80529,30602_5945_1797_5972,disease,Niemann-Pick disease type C,MONDO_grouped,24805,570,effect/phenotype,Abnormal saccadic eye movements,HPO
disease_phenotype_positive,phenotype present,80529,30602_5945_1797_5972,disease,Niemann-Pick disease type C,MONDO_grouped,83540,7885,effect/phenotype,Slowed horizontal saccades,HPO
disease_phenotype_positive,phenotype present,80529,30602_5945_1797_5972,disease,Niemann-Pick disease type C,MONDO_grouped,25089,7772,effect/phenotype,Impaired smooth pursuit,HPO
disease_phenotype_positive,phenotype present,80529,30602_5945_1797_5972,disease,Niemann-Pick disease type C,MONDO_grouped,87962,32014,effect/phenotype,Dysmetric vertical saccades,HPO
disease_phenotype_positive,phenotype present,80529,30602_5945_1797_5972,disease,Niemann-Pick disease type C,MONDO_grouped,26924,514,effect/phenotype,Slow saccadic eye movements,HPO
disease_phenotype_positive,phenotype present,80529,30602_5945_1797_5972,disease,Niemann-Pick disease type C,MONDO_grouped,81235,1151,effect/phenotype,Impaired horizontal smooth pursuit,HPO
disease_phenotype_positive,phenotype present,80529,30602_5945_1797_5972,disease,Niemann-Pick disease type C,MONDO_grouped,28905,7338,effect/phenotype,Hypermetric saccades,HPO
disease_phenotype_positive,phenotype present,80529,30602_5945_1797_5972,disease,Niemann-Pick disease type C,MONDO_grouped,25656,2457,effect/phenotype,Abnormal head movements,HPO
phenotype_protein,associated with,3180,4864,gene/protein,NPC1,NCBI,92220,6000158,effect/phenotype,Unesterified cholesterol accumulation in cultured fibroblasts,HPO
phenotype_protein,associated with,6962,10577,gene/protein,NPC2,NCBI,92220,6000158,effect/phenotype,Unesterified cholesterol accumulation in cultured fibroblasts,HPO
disease_disease,parent-child,80529,30602_5945_1797_5972,disease,Niemann-Pick disease type C,MONDO_grouped,34544,8606_7256_20588_800183,disease,hepatocellular carcinoma,MONDO_grouped
disease_phenotype_positive,phenotype present,80529,30602_5945_1797_5972,disease,Niemann-Pick disease type C,MONDO_grouped,25644,2027,effect/phenotype,Abdominal pain,HPO
drug_drug,synergistic interaction,19022,DB00419,drug,Miglustat,DrugBank,129328,DB15379,drug,Hydroxypropyl betadex,DrugBank
pathway_protein,interacts with,49621,8610,biological_process,lipid biosynthetic process,GO,6862,10457,gene/protein,GPNMB,NCBI
pathway_protein,interacts with,63115,R-HSA-191273,pathway,Cholesterol biosynthesis,REACTOME,6862,10457,gene/protein,GPNMB,NCBI
drug_effect,side effect,22992,DB05025,drug,Arimoclomol,DrugBank,34957,15092_24662_22205,disease,urticaria,MONDO_grouped
drug_effect,side effect,22992,DB05025,drug,Arimoclomol,DrugBank,44212,10481,disease,angioedema,MONDO
drug_effect,side effect,22992,DB05025,drug,Arimoclomol,DrugBank,48292,9408,biological_process,response to heat,GO
molfunc_protein,interacts with,114376,90120,biological_process,lysosome to ER cholesterol transport,GO,3180,4864,gene/protein,NPC1,NCBI
drug_effect,side effect,129328,DB15379,drug,Hydroxypropyl betadex,DrugBank,106759,10878,biological_process,cholesterol storage,GO
drug_effect,side effect,25942,764,effect/phenotype,Peripheral axonal degeneration,HPO,25942,764,effect/phenotype,Peripheral axonal degeneration,HPO
disease_disease,parent-child,96390,4466,disease,neuronitis,MONDO,80529,30602_5945_1797_5972,disease,Niemann-Pick disease type C,MONDO_grouped
disease_disease,parent-child,43536,15611,disease,neutral lipid storage disease,MONDO,80529,30602_5945_1797_5972,disease,Niemann-Pick disease type C,MONDO_grouped
disease_disease,parent-child,80529,30602_5945_1797_5972,disease,Niemann-Pick disease type C,MONDO_grouped,43269,24238,disease,cerebral degeneration,MONDO
anatomy_protein_present,expression present,64985,1886,anatomy,choroid plexus,UBERON,3180,4864,gene/protein,NPC1,NCBI
phenotype_protein,associated with,24633,12649,effect/phenotype,Increased inflammatory response,HPO,3180,4864,gene/protein,NPC1,NCBI
anatomy_protein_present,expression present,64088,955,anatomy,brain,UBERON,3180,4864,gene/protein,NPC1,NCBI
anatomy_protein_present,expression present,65134,2037,anatomy,cerebellum,UBERON,3180,4864,gene/protein,NPC1,NCBI
anatomy_protein_present,expression present,67390,4703,anatomy,dorsal thalamus,UBERON,3180,4864,gene/protein,NPC1,NCBI
disease_phenotype_positive,phenotype present,80529,30602_5945_1797_5972,disease,Niemann-Pick disease type C,MONDO_grouped,44734,800105,disease,catatonia,MONDO
disease_phenotype_positive,phenotype present,80529,30602_5945_1797_5972,disease,Niemann-Pick disease type C,MONDO_grouped,47562,50890,biological_process,cognition,GO
disease_phenotype_positive,phenotype present,80529,30602_5945_1797_5972,disease,Niemann-Pick disease type C,MONDO_grouped,83240,7010,effect/phenotype,Poor fine motor coordination,HPO
disease_disease,parent-child,40618,6025,disease,autosomal recessive disease,MONDO,80529,30602_5945_1797_5972,disease,Niemann-Pick disease type C,MONDO_grouped
disease_phenotype_positive,phenotype present,80529,30602_5945_1797_5972,disease,Niemann-Pick disease type C,MONDO_grouped,81952,3593,effect/phenotype,Infantile onset,HPO
disease_phenotype_positive,phenotype present,80529,30602_5945_1797_5972,disease,Niemann-Pick disease type C,MONDO_grouped,28742,31058,effect/phenotype,Impairment of activities of daily living,HPO
disease_phenotype_positive,phenotype present,80529,30602_5945_1797_5972,disease,Niemann-Pick disease type C,MONDO_grouped,29292,33665,effect/phenotype,Diminished health-related quality of life,HPO
disease_phenotype_positive,phenotype present,80529,30602_5945_1797_5972,disease,Niemann-Pick disease type C,MONDO_grouped,24813,572,effect/phenotype,Visual loss,HPO
disease_phenotype_positive,phenotype present,80529,30602_5945_1797_5972,disease,Niemann-Pick disease type C,MONDO_grouped,91987,5200273,effect/phenotype,Pathological sadness,HPO
phenotype_protein,associated with,47562,50890,biological_process,cognition,GO,649,933,gene/protein,CD22,NCBI
cellcomp_cellcomp,parent-child,48794,48144,biological_process,fibroblast proliferation,GO,48794,48144,biological_process,fibroblast proliferation,GO
cellcomp_protein,interacts with,129331,5764,cellular component,lysosome,GO,3180,4864,gene/protein,NPC1,NCBI
disease_phenotype_positive,phenotype present,80529,30602_5945_1797_5972,disease,Niemann-Pick disease type C,MONDO_grouped,40636,24237,disease,inherited neurodegenerative disorder,MONDO
phenotype_protein,associated with,26339,11992,effect/phenotype,Abnormal neutrophil morphology,HPO,3180,4864,gene/protein,NPC1,NCBI
disease_phenotype_positive,phenotype present,80529,30602_5945_1797_5972,disease,Niemann-Pick disease type C,MONDO_grouped,24928,9830,effect/phenotype,Peripheral neuropathy,HPO
disease_phenotype_positive,phenotype present,80529,30602_5945_1797_5972,disease,Niemann-Pick disease type C,MONDO_grouped,83331,7307,effect/phenotype,Rapid neurologic deterioration,HPO
disease_phenotype_positive,phenotype present,80529,30602_5945_1797_5972,disease,Niemann-Pick disease type C,MONDO_grouped,29460,34685,effect/phenotype,Abnormal liver enzyme activity or concentration,HPO
disease_phenotype_positive,phenotype present,80529,30602_5945_1797_5972,disease,Niemann-Pick disease type C,MONDO_grouped,25252,1508,effect/phenotype,Failure to thrive,HPO
disease_phenotype_positive,phenotype present,80529,30602_5945_1797_5972,disease,Niemann-Pick disease type C,MONDO_grouped,25526,12448,effect/phenotype,Delayed myelination,HPO
disease_phenotype_positive,phenotype present,80529,30602_5945_1797_5972,disease,Niemann-Pick disease type C,MONDO_grouped,86730,30081,effect/phenotype,Punctate periventricular T2 hyperintense foci,HPO
anatomy_protein_present,expression present,65203,2107,anatomy,liver,UBERON,3180,4864,gene/protein,NPC1,NCBI
phenotype_phenotype,parent-child,89708,34355,effect/phenotype,White cerebellum sign,HPO,25166,1251,effect/phenotype,Ataxia,HPO
phenotype_phenotype,parent-child,89708,34355,effect/phenotype,White cerebellum sign,HPO,25619,1260,effect/phenotype,Dysarthria,HPO
phenotype_phenotype,parent-child,89708,34355,effect/phenotype,White cerebellum sign,HPO,81569,2524,effect/phenotype,Cataplexy,HPO
indication,indication,22992,DB05025,drug,Arimoclomol,DrugBank,40608,2320,disease,congenital nervous system disorder,MONDO
bioprocess_protein,interacts with,1618,2475,gene/protein,MTOR,NCBI,129332,8610,biological process,lipid biosynthetic process,GO
disease_phenotype_positive,phenotype present,80529,30602_5945_1797_5972,disease,Niemann-Pick disease type C,MONDO_grouped,26305,6254,effect/phenotype,Elevated circulating alpha-fetoprotein concentration,HPO
disease_protein,associated with,129333,5154,disease,liver disorder,MONDO,26305,6254,effect/phenotype,Elevated circulating alpha-fetoprotein concentration,HPO
cellcomp_protein,interacts with,6962,10577,gene/protein,NPC2,NCBI,129331,5764,cellular component,lysosome,GO
phenotype_protein,associated with,2835,4249,gene/protein,MGAT5,NCBI,25531,1270,effect/phenotype,Motor delay,HPO
disease_disease,parent-child,80529,30602_5945_1797_5972,disease,Niemann-Pick disease type C,MONDO_grouped,43387,17739,disease,disorder of lysosomal-related organelles,MONDO
disease_phenotype_positive,phenotype present,80529,30602_5945_1797_5972,disease,Niemann-Pick disease type C,MONDO_grouped,92645,6000611,effect/phenotype,Elevated circulating chitotriosidase activity,HPO
bioprocess_protein,interacts with,3180,4864,gene/protein,NPC1,NCBI,109016,97707,biological_process,ferroptosis,GO
phenotype_phenotype,parent-child,80764,2067,effect/phenotype,Bradykinesia,HPO,81571,2527,effect/phenotype,Falls,HPO
phenotype_phenotype,parent-child,15469,DB01235,drug,Levodopa,DrugBank,25577,100660,effect/phenotype,Dyskinesia,HPO
disease_phenotype_positive,phenotype present,25450,11458,effect/phenotype,Abdominal symptom,HPO,25450,11458,effect/phenotype,Abdominal symptom,HPO
bioprocess_protein,interacts with,3180,4864,gene/protein,NPC1,NCBI,52369,90385,biological_process,phagosome-lysosome fusion,GO
phenotype_protein,associated with,3180,4864,gene/protein,NPC1,NCBI,84990,11343,effect/phenotype,Moderate global developmental delay,HPO
phenotype_protein,associated with,6962,10577,gene/protein,NPC2,NCBI,84990,11343,effect/phenotype,Moderate global developmental delay,HPO
phenotype_protein,associated with,3180,4864,gene/protein,NPC1,NCBI,92344,6000289,effect/phenotype,Epiglottic enlargement,HPO
bioprocess_protein,interacts with,679,968,gene/protein,CD68,NCBI,46794,6935,biological_process,chemotaxis,GO
bioprocess_protein,interacts with,679,968,gene/protein,CD68,NCBI,48337,8037,biological_process,cell recognition,GO
bioprocess_protein,interacts with,14792,54209,gene/protein,TREM2,NCBI,46794,6935,biological_process,chemotaxis,GO
bioprocess_protein,interacts with,14792,54209,gene/protein,TREM2,NCBI,48337,8037,biological_process,cell recognition,GO
phenotype_phenotype,parent-child,28409,511,effect/phenotype,Vertical supranuclear gaze palsy,HPO,87962,32014,effect/phenotype,Dysmetric vertical saccades,HPO
phenotype_phenotype,parent-child,87962,32014,effect/phenotype,Dysmetric vertical saccades,HPO,87963,32015,effect/phenotype,Dysmetric horizontal saccades,HPO
drug_drug,synergistic interaction,93192,6001185,effect/phenotype,Elevated circulating glucosylsphingosine concentration,HPO,93192,6001185,effect/phenotype,Elevated circulating glucosylsphingosine concentration,HPO
drug_effect,side effect,43536,15611,disease,neutral lipid storage disease,MONDO,43536,15611,disease,neutral lipid storage disease,MONDO
drug_effect,side effect,129328,DB15379,drug,Hydroxypropyl betadex,DrugBank,129335,31410,cellular component,cytoplasmic vesicle,GO
drug_effect,side effect,129328,DB15379,drug,Hydroxypropyl betadex,DrugBank,129331,5764,cellular component,lysosome,GO
exposure_cellcomp,interacts with,15736,DB08804,drug,Nandrolone decanoate,DrugBank,15736,DB08804,drug,Nandrolone decanoate,DrugBank
cellcomp_protein,interacts with,10404,56901,gene/protein,NDUFA4L2,NCBI,59066,5764,cellular_component,lysosome,GO
protein_protein,ppi,3180,4864,gene/protein,NPC1,NCBI,10630,57519,gene/protein,STARD9,NCBI
phenotype_protein,associated with,25636,2180,effect/phenotype,Neurodegeneration,HPO,10630,57519,gene/protein,STARD9,NCBI
disease_protein,associated with,80529,30602_5945_1797_5972,disease,Niemann-Pick disease type C,MONDO_grouped,662,950,gene/protein,SCARB2,NCBI
disease_protein,associated with,80529,30602_5945_1797_5972,disease,Niemann-Pick disease type C,MONDO_grouped,2603,3920,gene/protein,LAMP2,NCBI
indication,indication,62326,D008094,exposure,Lithium,CTD,80529,30602_5945_1797_5972,disease,Niemann-Pick disease type C,MONDO_grouped
drug_effect,side effect,62326,D008094,exposure,Lithium,CTD,44039,16593,disease,acquired ataxia,MONDO
protein_protein,ppi,844,1201,gene/protein,CLN3,NCBI,6962,10577,gene/protein,NPC2,NCBI
disease_phenotype_positive,phenotype present,80529,30602_5945_1797_5972,disease,Niemann-Pick disease type C,MONDO_grouped,81451,2073,effect/phenotype,Progressive cerebellar ataxia,HPO
disease_phenotype_positive,phenotype present,80529,30602_5945_1797_5972,disease,Niemann-Pick disease type C,MONDO_grouped,25975,40130,effect/phenotype,Abnormal circulating iron concentration,HPO
protein_protein,ppi,6069,9437,gene/protein,NCR1,NCBI,607,873,gene/protein,CBR1,NCBI
bioprocess_protein,interacts with,6069,9437,gene/protein,NCR1,NCBI,49502,30301,biological_process,cholesterol transport,GO
bioprocess_protein,interacts with,80529,30602_5945_1797_5972,disease,Niemann-Pick disease type C,MONDO_grouped,3180,4864,gene/protein,NPC1,NCBI
disease_protein,associated with,80529,30602_5945_1797_5972,disease,Niemann-Pick disease type C,MONDO_grouped,6069,9437,gene/protein,NCR1,NCBI
drug_protein,target,129328,DB15379,drug,Hydroxypropyl betadex,DrugBank,3180,4864,gene/protein,NPC1,NCBI
phenotype_protein,associated with,123244,4503,molecular_function,tyrosinase activity,GO,3180,4864,gene/protein,NPC1,NCBI
phenotype_protein,associated with,3180,4864,gene/protein,NPC1,NCBI,123244,4503,molecular_function,tyrosinase activity,GO
phenotype_phenotype,parent-child,80529,30602_5945_1797_5972,disease,Niemann-Pick disease type C,MONDO_grouped,92220,6000158,effect/phenotype,Unesterified cholesterol accumulation in cultured fibroblasts,HPO
disease_phenotype_positive,phenotype present,80529,30602_5945_1797_5972,disease,Niemann-Pick disease type C,MONDO_grouped,83319,7272,effect/phenotype,Progressive psychomotor deterioration,HPO
disease_protein,associated with,80529,30602_5945_1797_5972,disease,Niemann-Pick disease type C,MONDO_grouped,10508,57118,gene/protein,CAMK1D,NCBI
anatomy_anatomy,parent-child,65224,2130,anatomy,cerebellar nuclear complex,UBERON,65134,2037,anatomy,cerebellum,UBERON
drug_effect,side effect,81555,2465,effect/phenotype,Poor speech,HPO,81555,2465,effect/phenotype,Poor speech,HPO
protein_protein,ppi,1634,2524,gene/protein,FUT2,NCBI,3180,4864,gene/protein,NPC1,NCBI
phenotype_protein,associated with,1634,2524,gene/protein,FUT2,NCBI,91838,4000186,effect/phenotype,Elevated erythrocyte adenosine triphosphate concentration,HPO
phenotype_protein,associated with,3180,4864,gene/protein,NPC1,NCBI,89792,34456,effect/phenotype,Elevated circulating glutathione concentration,HPO
protein_protein,ppi,3180,4864,gene/protein,NPC1,NCBI,6862,10457,gene/protein,GPNMB,NCBI
bioprocess_protein,interacts with,52918,36465,biological_process,synaptic vesicle recycling,GO,3180,4864,gene/protein,NPC1,NCBI
drug_protein,target,17053,DB01043,drug,Memantine,DrugBank,3180,4864,gene/protein,NPC1,NCBI
drug_protein,target,15878,DB00482,drug,Celecoxib,DrugBank,3180,4864,gene/protein,NPC1,NCBI
disease_phenotype_positive,phenotype present,25593,4302,effect/phenotype,Functional motor deficit,HPO,25593,4302,effect/phenotype,Functional motor deficit,HPO
phenotype_protein,associated with,46319,61900,biological_process,glial cell activation,GO,3180,4864,gene/protein,NPC1,NCBI
phenotype_protein,associated with,83334,7313,effect/phenotype,Cerebral degeneration,HPO,3180,4864,gene/protein,NPC1,NCBI
bioprocess_protein,interacts with,3180,4864,gene/protein,NPC1,NCBI,28171,33429,effect/phenotype,Neuroinflammation,HPO
bioprocess_protein,interacts with,3180,4864,gene/protein,NPC1,NCBI,62921,R-HSA-109581,pathway,Apoptosis,REACTOME
molfunc_protein,interacts with,3180,4864,gene/protein,NPC1,NCBI,114376,90120,biological_process,lysosome to ER cholesterol transport,GO
disease_phenotype_positive,phenotype present,80529,30602_5945_1797_5972,disease,Niemann-Pick disease type C,MONDO_grouped,29375,34057,effect/phenotype,Fetal anomaly,HPO
disease_protein,associated with,3180,4864,gene/protein,NPC1,NCBI,80529,30602_5945_1797_5972,disease,Niemann-Pick disease type C,MONDO_grouped
disease_phenotype_positive,phenotype present,80529,30602_5945_1797_5972,disease,Niemann-Pick disease type C,MONDO_grouped,91011,100708,effect/phenotype,Abnormal microglia morphology,HPO
phenotype_protein,associated with,3180,4864,gene/protein,NPC1,NCBI,91011,100708,effect/phenotype,Abnormal microglia morphology,HPO
bioprocess_protein,interacts with,3180,4864,gene/protein,NPC1,NCBI,128247,R-HSA-5620971,pathway,Pyroptosis,REACTOME
phenotype_protein,associated with,3180,4864,gene/protein,NPC1,NCBI,25251,11420,effect/phenotype,Age of death,HPO
disease_phenotype_positive,phenotype present,80529,30602_5945_1797_5972,disease,Niemann-Pick disease type C,MONDO_grouped,26981,32243,effect/phenotype,Abnormal tissue metabolite concentration,HPO
protein_protein,ppi,6962,10577,gene/protein,NPC2,NCBI,6069,9437,gene/protein,NCR1,NCBI
cellcomp_protein,interacts with,6069,9437,gene/protein,NCR1,NCBI,59158,5774,cellular_component,vacuolar membrane,GO
cellcomp_protein,interacts with,6069,9437,gene/protein,NCR1,NCBI,59034,5765,cellular_component,lysosomal membrane,GO
drug_effect,side effect,16748,DB01698,drug,Rutin,DrugBank,25853,3107,effect/phenotype,Abnormal circulating cholesterol concentration,HPO
disease_phenotype_positive,phenotype present,80529,30602_5945_1797_5972,disease,Niemann-Pick disease type C,MONDO_grouped,30090,1922,effect/phenotype,Vacuolated lymphocytes,HPO
disease_phenotype_positive,phenotype present,129319,2561,disease,lysosomal storage disease,MONDO,80529,30602_5945_1797_5972,disease,Niemann-Pick disease type C,MONDO_grouped
disease_protein,associated with,6962,10577,gene/protein,NPC2,NCBI,80529,30602_5945_1797_5972,disease,Niemann-Pick disease type C,MONDO_grouped
cellcomp_protein,interacts with,3180,4864,gene/protein,NPC1,NCBI,129331,5764,cellular component,lysosome,GO
disease_phenotype_positive,phenotype present,80529,30602_5945_1797_5972,disease,Niemann-Pick disease type C,MONDO_grouped,85788,12695,effect/phenotype,Decreased thalamic volume,HPO
disease_protein,associated with,80529,30602_5945_1797_5972,disease,Niemann-Pick disease type C,MONDO_grouped,4709,7039,gene/protein,TGFA,NCBI
disease_protein,associated with,80529,30602_5945_1797_5972,disease,Niemann-Pick disease type C,MONDO_grouped,2071,3122,gene/protein,HLA-DRA,NCBI
disease_protein,associated with,80529,30602_5945_1797_5972,disease,Niemann-Pick disease type C,MONDO_grouped,5606,8742,gene/protein,TNFSF12,NCBI
disease_protein,associated with,80529,30602_5945_1797_5972,disease,Niemann-Pick disease type C,MONDO_grouped,1317,1950,gene/protein,EGF,NCBI
phenotype_protein,associated with,93192,6001185,effect/phenotype,Elevated circulating glucosylsphingosine concentration,HPO,6962,10577,gene/protein,NPC2,NCBI
phenotype_protein,associated with,19066,DB03203,drug,Sphingosine,DrugBank,6962,10577,gene/protein,NPC2,NCBI
bioprocess_protein,interacts with,129330,266,biological process,mitochondrial fission,GO,6962,10577,gene/protein,NPC2,NCBI
protein_protein,ppi,3180,4864,gene/protein,NPC1,NCBI,4716,7046,gene/protein,TGFBR1,NCBI
protein_protein,ppi,3180,4864,gene/protein,NPC1,NCBI,2721,4092,gene/protein,SMAD7,NCBI
protein_protein,ppi,3180,4864,gene/protein,NPC1,NCBI,10527,57154,gene/protein,SMURF1,NCBI
anatomy_protein_absent,expression absent,63861,120,anatomy,blood brain barrier,UBERON,6962,10577,gene/protein,NPC2,NCBI
disease_phenotype_positive,phenotype present,40872,100038,disease,complex neurodevelopmental disorder,MONDO,41660,5027,disease,epilepsy,MONDO
disease_phenotype_positive,phenotype present,40872,100038,disease,complex neurodevelopmental disorder,MONDO,25593,4302,effect/phenotype,Functional motor deficit,HPO
phenotype_protein,associated with,11508,79947,gene/protein,DHDDS,NCBI,49386,19915,biological_process,lipid storage,GO
phenotype_protein,associated with,11508,79947,gene/protein,DHDDS,NCBI,106759,10878,biological_process,cholesterol storage,GO
drug_effect,side effect,19022,DB00419,drug,Miglustat,DrugBank,26786,2344,effect/phenotype,Progressive neurologic deterioration,HPO
drug_effect,side effect,19022,DB00419,drug,Miglustat,DrugBank,89239,33744,effect/phenotype,Global cerebellar dysplasia,HPO
protein_protein,ppi,3642,5538,gene/protein,PPT1,NCBI,3180,4864,gene/protein,NPC1,NCBI
indication,indication,22867,DB17021,drug,JQ1,DrugBank,80529,30602_5945_1797_5972,disease,Niemann-Pick disease type C,MONDO_grouped
drug_protein,target,22867,DB17021,drug,JQ1,DrugBank,3180,4864,gene/protein,NPC1,NCBI
drug_effect,side effect,22867,DB17021,drug,JQ1,DrugBank,82031,3831,effect/phenotype,Typified by age-related disease onset,HPO
indication,indication,15332,DB00625,drug,Efavirenz,DrugBank,80529,30602_5945_1797_5972,disease,Niemann-Pick disease type C,MONDO_grouped
drug_drug,synergistic interaction,15332,DB00625,drug,Efavirenz,DrugBank,19022,DB00419,drug,Miglustat,DrugBank
drug_effect,side effect,15332,DB00625,drug,Efavirenz,DrugBank,45861,7612,biological_process,learning,GO
drug_effect,side effect,15332,DB00625,drug,Efavirenz,DrugBank,46704,7613,biological_process,memory,GO
anatomy_anatomy,parent-child,1706,2629,gene/protein,GBA1,NCBI,65520,2435,anatomy,striatum,UBERON
anatomy_anatomy,parent-child,12743,120892,gene/protein,LRRK2,NCBI,65520,2435,anatomy,striatum,UBERON
disease_phenotype_positive,phenotype present,80529,30602_5945_1797_5972,disease,Niemann-Pick disease type C,MONDO_grouped,85477,12184,effect/phenotype,Increased HDL cholesterol concentration,HPO
phenotype_protein,associated with,80512,43726,disease,multiple organ dysfunction syndrome,MONDO,3180,4864,gene/protein,NPC1,NCBI
exposure_bioprocess,interacts with,19067,DB04540,drug,Cholesterol,DrugBank,129338,1558,biological process,regulation of cell growth,GO
disease_disease,parent-child,129337,9757,disease,"Niemann-Pick disease, type C1",MONDO,129319,2561,disease,lysosomal storage disease,MONDO
phenotype_protein,associated with,26056,3812,effect/phenotype,Phenotypic variability,HPO,3180,4864,gene/protein,NPC1,NCBI
disease_phenotype_positive,phenotype present,129336,18982,disease,Niemann-Pick disease type C,MONDO,26692,1399,effect/phenotype,Hepatic failure,HPO
disease_phenotype_positive,phenotype present,129336,18982,disease,Niemann-Pick disease type C,MONDO,91242,410170,effect/phenotype,Hippocampal atrophy,HPO
disease_phenotype_positive,phenotype present,80529,30602_5945_1797_5972,disease,Niemann-Pick disease type C,MONDO_grouped,91242,410170,effect/phenotype,Hippocampal atrophy,HPO
cellcomp_protein,interacts with,129339,8333,cellular component,endosome to lysosome transport,GO,129339,8333,cellular component,endosome to lysosome transport,GO
drug_protein,target,19022,DB00419,drug,Miglustat,DrugBank,10743,57704,gene/protein,GBA2,NCBI
disease_phenotype_positive,phenotype present,80529,30602_5945_1797_5972,disease,Niemann-Pick disease type C,MONDO_grouped,59211,44232,cellular_component,organelle membrane contact site,GO
disease_phenotype_positive,phenotype present,129336,18982,disease,Niemann-Pick disease type C,MONDO,129319,2561,disease,lysosomal storage disease,MONDO
cellcomp_protein,interacts with,3180,4864,gene/protein,NPC1,NCBI,129340,43226,cellular component,organelle,GO
bioprocess_protein,interacts with,80529,30602_5945_1797_5972,disease,Niemann-Pick disease type C,MONDO_grouped,24820,496,effect/phenotype,Abnormality of eye movement,HPO
disease_phenotype_positive,phenotype present,129336,18982,disease,Niemann-Pick disease type C,MONDO,24820,496,effect/phenotype,Abnormality of eye movement,HPO
disease_disease,parent-child,80529,30602_5945_1797_5972,disease,Niemann-Pick disease type C,MONDO_grouped,83061,6566,effect/phenotype,Neonatal cholestatic liver disease,HPO
disease_disease,parent-child,129319,2561,disease,lysosomal storage disease,MONDO,129337,9757,disease,"Niemann-Pick disease, type C1",MONDO
disease_phenotype_positive,phenotype present,129319,2561,disease,lysosomal storage disease,MONDO,44353,15459,disease,nasopharyngeal carcinoma,MONDO
disease_disease,parent-child,80529,30602_5945_1797_5972,disease,Niemann-Pick disease type C,MONDO_grouped,40618,6025,disease,autosomal recessive disease,MONDO
disease_protein,associated with,129337,9757,disease,"Niemann-Pick disease, type C1",MONDO,129341,18279,biological process,protein N-linked glycosylation via asparagine,GO
disease_protein,associated with,129342,1903831,biological process,signal transduction involved in cellular response to ammonium ion,GO,129341,18279,biological process,protein N-linked glycosylation via asparagine,GO
bioprocess_protein,interacts with,129341,18279,biological process,protein N-linked glycosylation via asparagine,GO,2601,3916,gene/protein,LAMP1,NCBI
disease_phenotype_positive,phenotype present,129341,18279,biological process,protein N-linked glycosylation via asparagine,GO,2835,4249,gene/protein,MGAT5,NCBI
drug_drug,synergistic interaction,129328,DB15379,drug,Hydroxypropyl betadex,DrugBank,19022,DB00419,drug,Miglustat,DrugBank
disease_phenotype_negative,phenotype absent,80529,30602_5945_1797_5972,disease,Niemann-Pick disease type C,MONDO_grouped,109529,97750,biological_process,endosome membrane tubulation,GO
bioprocess_protein,interacts with,129343,97750,biological process,endosome membrane tubulation,GO,10630,57519,gene/protein,STARD9,NCBI
bioprocess_protein,interacts with,129343,97750,biological process,endosome membrane tubulation,GO,3180,4864,gene/protein,NPC1,NCBI
drug_effect,side effect,62326,D008094,exposure,Lithium,CTD,49292,42755,biological_process,eating behavior,GO
bioprocess_protein,interacts with,3180,4864,gene/protein,NPC1,NCBI,129344,33344,biological process,cholesterol efflux,GO
bioprocess_protein,interacts with,6962,10577,gene/protein,NPC2,NCBI,129344,33344,biological process,cholesterol efflux,GO
bioprocess_protein,interacts with,129337,9757,disease,"Niemann-Pick disease, type C1",MONDO,129345,46624,biological process,sphingolipid transporter activity,GO
cellcomp_protein,interacts with,3180,4864,gene/protein,NPC1,NCBI,129346,5765,cellular component,lysosomal membrane,GO
disease_phenotype_positive,phenotype present,80529,30602_5945_1797_5972,disease,Niemann-Pick disease type C,MONDO_grouped,80512,43726,disease,multiple organ dysfunction syndrome,MONDO
phenotype_protein,associated with,1634,2524,gene/protein,FUT2,NCBI,86419,25464,effect/phenotype,Increased reactive oxygen species production,HPO
disease_phenotype_positive,phenotype present,129347,9756,disease,Niemann-Pick disease type A,MONDO,129334,100464,disease,acid sphingomyelinase deficiency,MONDO
disease_phenotype_positive,phenotype present,129348,11871,disease,Niemann-Pick disease type B,MONDO,129334,100464,disease,acid sphingomyelinase deficiency,MONDO
bioprocess_protein,interacts with,3180,4864,gene/protein,NPC1,NCBI,129349,70508,biological process,cholesterol import,GO
phenotype_protein,associated with,3180,4864,gene/protein,NPC1,NCBI,26230,32245,effect/phenotype,Abnormal metabolism,HPO
disease_phenotype_positive,phenotype present,80529,30602_5945_1797_5972,disease,Niemann-Pick disease type C,MONDO_grouped,125125,97418,cellular_component,neurofibrillary tangle,GO
phenotype_protein,associated with,3180,4864,gene/protein,NPC1,NCBI,129350,43277,biological process,apoptotic cell clearance,GO
bioprocess_protein,interacts with,3180,4864,gene/protein,NPC1,NCBI,129351,6869,biological process,lipid transport,GO
disease_phenotype_positive,phenotype present,129336,18982,disease,Niemann-Pick disease type C,MONDO,25150,100543,effect/phenotype,Cognitive impairment,HPO
disease_phenotype_positive,phenotype present,129336,18982,disease,Niemann-Pick disease type C,MONDO,81569,2524,effect/phenotype,Cataplexy,HPO
disease_phenotype_positive,phenotype present,34062,10006_17406,disease,Sandhoff disease,MONDO_grouped,81837,3333,effect/phenotype,Increased serum beta-hexosaminidase,HPO
disease_protein,associated with,34940,18177,disease,glioblastoma,MONDO,2035,3073,gene/protein,HEXA,NCBI
disease_protein,associated with,34940,18177,disease,glioblastoma,MONDO,2036,3074,gene/protein,HEXB,NCBI
disease_disease,parent-child,129319,2561,disease,lysosomal storage disease,MONDO,41532,19255,disease,sphingolipidosis,MONDO
disease_disease,parent-child,30301,10100,disease,Tay-Sachs disease,MONDO,42636,20128,disease,motor neuron disorder,MONDO
disease_phenotype_positive,phenotype present,30301,10100,disease,Tay-Sachs disease,MONDO,25636,2180,effect/phenotype,Neurodegeneration,HPO
disease_phenotype_positive,phenotype present,30301,10100,disease,Tay-Sachs disease,MONDO,26278,256,effect/phenotype,Macrocephaly,HPO
disease_phenotype_positive,phenotype present,30301,10100,disease,Tay-Sachs disease,MONDO,90308,40078,effect/phenotype,Axonal degeneration,HPO
disease_phenotype_positive,phenotype present,44140,17719,disease,gangliosidosis,MONDO,26278,256,effect/phenotype,Macrocephaly,HPO
disease_phenotype_positive,phenotype present,44140,17719,disease,gangliosidosis,MONDO,24732,1252,effect/phenotype,Hypotonia,HPO
disease_disease,parent-child,30301,10100,disease,Tay-Sachs disease,MONDO,40617,5066,disease,metabolic disease,MONDO
disease_disease,parent-child,30301,10100,disease,Tay-Sachs disease,MONDO,34062,10006_17406,disease,Sandhoff disease,MONDO_grouped
disease_protein,associated with,30301,10100,disease,Tay-Sachs disease,MONDO,4408,6622,gene/protein,SNCA,NCBI
disease_protein,associated with,30301,10100,disease,Tay-Sachs disease,MONDO,246,348,gene/protein,APOE,NCBI
disease_protein,associated with,30301,10100,disease,Tay-Sachs disease,MONDO,672,960,gene/protein,CD44,NCBI
disease_protein,associated with,30301,10100,disease,Tay-Sachs disease,MONDO,2434,3693,gene/protein,ITGB5,NCBI
disease_phenotype_positive,phenotype present,30301,10100,disease,Tay-Sachs disease,MONDO,28171,33429,effect/phenotype,Neuroinflammation,HPO
disease_phenotype_positive,phenotype present,30301,10100,disease,Tay-Sachs disease,MONDO,27852,11112,effect/phenotype,Abnormal circulating cytokine concentration,HPO
disease_phenotype_positive,phenotype present,30301,10100,disease,Tay-Sachs disease,MONDO,88040,32122,effect/phenotype,Very low visual acuity,HPO
disease_phenotype_positive,phenotype present,30301,10100,disease,Tay-Sachs disease,MONDO,84721,10780,effect/phenotype,Hyperacusis,HPO
disease_disease,parent-child,30301,10100,disease,Tay-Sachs disease,MONDO,43436,129_5365,disease,hearing loss disorder,MONDO_grouped
drug_effect,side effect,19023,DB14966,drug,Venglustat,DrugBank,81531,2359,effect/phenotype,Frequent falls,HPO
drug_effect,side effect,19023,DB14966,drug,Venglustat,DrugBank,25475,2315,effect/phenotype,Headache,HPO
drug_effect,side effect,19023,DB14966,drug,Venglustat,DrugBank,80688,100096,disease,COVID-19,MONDO
molfunc_protein,interacts with,2035,3073,gene/protein,HEXA,NCBI,129352,4857,molecular function,enzyme inhibitor activity,GO
disease_protein,associated with,41532,19255,disease,sphingolipidosis,MONDO,43378,18117,disease,"disorder of phospholipids, sphingolipids and fatty acids biosynthesis",MONDO
phenotype_protein,associated with,86612,25754,effect/phenotype,Reduced beta-hexosaminidase A activity,HPO,111004,34205,biological_process,amyloid-beta formation,GO
disease_phenotype_positive,phenotype present,34062,10006_17406,disease,Sandhoff disease,MONDO_grouped,111004,34205,biological_process,amyloid-beta formation,GO
disease_phenotype_positive,phenotype present,30301,10100,disease,Tay-Sachs disease,MONDO,111004,34205,biological_process,amyloid-beta formation,GO
drug_effect,side effect,15472,DB01241,drug,Gemfibrozil,DrugBank,46319,61900,biological_process,glial cell activation,GO
disease_phenotype_positive,phenotype present,30301,10100,disease,Tay-Sachs disease,MONDO,52619,150076,biological_process,neuroinflammatory response,GO
drug_effect,side effect,89846,34516,effect/phenotype,Ameliorated by ketogenic diet,HPO,52619,150076,biological_process,neuroinflammatory response,GO
disease_phenotype_positive,phenotype present,30301,10100,disease,Tay-Sachs disease,MONDO,108581,62234,biological_process,platelet activating factor catabolic process,GO
disease_phenotype_positive,phenotype present,30301,10100,disease,Tay-Sachs disease,MONDO,26911,8002,effect/phenotype,Abnormality of macular pigmentation,HPO
phenotype_phenotype,parent-child,26911,8002,effect/phenotype,Abnormality of macular pigmentation,HPO,84701,10729,effect/phenotype,Cherry red spot of the macula,HPO
drug_effect,side effect,105504,75527,biological_process,viral RNA editing,GO,57197,8047,molecular_function,enzyme activator activity,GO
